Escuela_ID;CURSO_NORMALIZADO;DESEMPEÑO;Alumno_ID
9;2°;Avanzado;1
9;2°;Básico;21
9;2°;Crítico;83
9;2°;Medio;13
9;3°;Avanzado;16
9;3°;Básico;42
9;3°;Crítico;31
9;3°;Medio;20
9;4°;Avanzado;11
9;4°;Básico;32
9;4°;Crítico;37
9;4°;Medio;31
9;5°;Avanzado;15
9;5°;Básico;33
9;5°;Crítico;46
9;5°;Medio;22
9;6°;Avanzado;17
9;6°;Básico;41
9;6°;Crítico;17
9;6°;Medio;38
9;7°;Avanzado;14
9;7°;Básico;26
9;7°;Crítico;32
9;7°;Medio;58
14;2°;Avanzado;12
14;2°;Básico;12
14;2°;Crítico;27
14;2°;Medio;8
14;3°;Avanzado;19
14;3°;Básico;8
14;3°;Crítico;10
14;3°;Medio;14
14;4°;Avanzado;20
14;4°;Básico;11
14;4°;Crítico;12
14;4°;Medio;19
14;5°;Avanzado;11
14;5°;Básico;13
14;5°;Crítico;15
14;5°;Medio;15
14;6°;Avanzado;22
14;6°;Básico;6
14;6°;Crítico;3
14;6°;Medio;20
14;7°;Avanzado;10
14;7°;Básico;19
14;7°;Crítico;5
14;7°;Medio;22
22;2°;Avanzado;14
22;2°;Básico;19
22;2°;Crítico;40
22;2°;Medio;8
22;3°;Avanzado;18
22;3°;Básico;13
22;3°;Crítico;26
22;3°;Medio;12
22;4°;Avanzado;23
22;4°;Básico;17
22;4°;Crítico;13
22;4°;Medio;29
22;5°;Avanzado;12
22;5°;Básico;20
22;5°;Crítico;20
22;5°;Medio;17
22;6°;Avanzado;24
22;6°;Básico;12
22;6°;Crítico;25
22;6°;Medio;39
22;7°;Avanzado;20
22;7°;Básico;20
22;7°;Crítico;9
22;7°;Medio;33
60;2°;Avanzado;1
60;2°;Básico;7
60;2°;Crítico;14
60;2°;Medio;4
60;3°;Avanzado;10
60;3°;Básico;8
60;3°;Crítico;11
60;3°;Medio;7
60;4°;Avanzado;14
60;4°;Básico;16
60;4°;Crítico;2
60;4°;Medio;11
60;5°;Avanzado;3
60;5°;Básico;9
60;5°;Crítico;8
60;5°;Medio;5
60;6°;Avanzado;11
60;6°;Básico;7
60;6°;Crítico;2
60;6°;Medio;19
60;7°;Avanzado;5
60;7°;Básico;3
60;7°;Medio;20
74;2°;Avanzado;2
74;2°;Básico;31
74;2°;Crítico;58
74;2°;Medio;12
74;3°;Avanzado;26
74;3°;Básico;36
74;3°;Crítico;17
74;3°;Medio;40
74;4°;Avanzado;48
74;4°;Básico;25
74;4°;Crítico;7
74;4°;Medio;35
74;5°;Avanzado;25
74;5°;Básico;31
74;5°;Crítico;20
74;5°;Medio;39
74;6°;Avanzado;49
74;6°;Básico;16
74;6°;Crítico;2
74;6°;Medio;42
74;7°;Avanzado;36
74;7°;Básico;26
74;7°;Crítico;6
74;7°;Medio;58
194;2°;Avanzado;1
194;2°;Básico;6
194;2°;Crítico;48
194;2°;Medio;1
194;3°;Avanzado;7
194;3°;Básico;19
194;3°;Crítico;29
194;3°;Medio;9
194;4°;Avanzado;6
194;4°;Básico;11
194;4°;Crítico;27
194;4°;Medio;10
194;5°;Avanzado;1
194;5°;Básico;4
194;5°;Crítico;28
194;5°;Medio;10
194;6°;Avanzado;6
194;6°;Básico;14
194;6°;Crítico;8
194;6°;Medio;16
194;7°;Avanzado;5
194;7°;Básico;14
194;7°;Crítico;13
194;7°;Medio;12
197;2°;Avanzado;3
197;2°;Básico;10
197;2°;Crítico;97
197;2°;Medio;5
197;3°;Avanzado;20
197;3°;Básico;21
197;3°;Crítico;29
197;3°;Medio;32
197;4°;Avanzado;25
197;4°;Básico;22
197;4°;Crítico;25
197;4°;Medio;30
197;5°;Avanzado;10
197;5°;Básico;19
197;5°;Crítico;42
197;5°;Medio;35
197;6°;Avanzado;8
197;6°;Básico;11
197;6°;Crítico;37
197;6°;Medio;37
197;7°;Avanzado;13
197;7°;Básico;21
197;7°;Crítico;21
197;7°;Medio;52
210;2°;Avanzado;4
210;2°;Básico;19
210;2°;Crítico;48
210;2°;Medio;5
210;3°;Avanzado;14
210;3°;Básico;21
210;3°;Crítico;25
210;3°;Medio;14
210;4°;Avanzado;14
210;4°;Básico;13
210;4°;Crítico;28
210;4°;Medio;22
210;5°;Avanzado;16
210;5°;Básico;20
210;5°;Crítico;25
210;5°;Medio;22
210;6°;Avanzado;15
210;6°;Básico;10
210;6°;Crítico;6
210;6°;Medio;23
210;7°;Avanzado;5
210;7°;Básico;12
210;7°;Crítico;34
210;7°;Medio;23
250;2°;Avanzado;3
250;2°;Básico;17
250;2°;Crítico;24
250;2°;Medio;9
250;3°;Avanzado;8
250;3°;Básico;22
250;3°;Crítico;17
250;3°;Medio;13
250;4°;Avanzado;8
250;4°;Básico;15
250;4°;Crítico;5
250;4°;Medio;18
250;5°;Avanzado;5
250;5°;Básico;17
250;5°;Crítico;10
250;5°;Medio;25
250;6°;Avanzado;20
250;6°;Básico;17
250;6°;Crítico;1
250;6°;Medio;30
250;7°;Avanzado;10
250;7°;Básico;14
250;7°;Crítico;2
250;7°;Medio;25
253;2°;Avanzado;5
253;2°;Básico;24
253;2°;Crítico;39
253;2°;Medio;8
253;3°;Avanzado;15
253;3°;Básico;25
253;3°;Crítico;16
253;3°;Medio;18
253;4°;Avanzado;22
253;4°;Básico;24
253;4°;Crítico;13
253;4°;Medio;32
253;5°;Avanzado;10
253;5°;Básico;20
253;5°;Crítico;23
253;5°;Medio;16
253;6°;Avanzado;15
253;6°;Básico;22
253;6°;Crítico;12
253;6°;Medio;26
253;7°;Avanzado;23
253;7°;Básico;19
253;7°;Crítico;15
253;7°;Medio;27
288;4°;Básico;9
288;4°;Crítico;2
288;4°;Medio;4
288;5°;Crítico;10
288;6°;Avanzado;5
288;6°;Básico;6
288;6°;Crítico;3
288;6°;Medio;5
288;7°;Básico;3
288;7°;Crítico;10
288;7°;Medio;1
346;2°;Avanzado;4
346;2°;Básico;22
346;2°;Crítico;74
346;2°;Medio;7
346;3°;Avanzado;15
346;3°;Básico;24
346;3°;Crítico;48
346;3°;Medio;14
346;4°;Avanzado;12
346;4°;Básico;22
346;4°;Crítico;30
346;4°;Medio;31
346;5°;Avanzado;4
346;5°;Básico;25
346;5°;Crítico;40
346;5°;Medio;20
346;6°;Avanzado;16
346;6°;Básico;18
346;6°;Crítico;22
346;6°;Medio;34
346;7°;Avanzado;5
346;7°;Básico;38
346;7°;Crítico;31
346;7°;Medio;30
378;3°;Avanzado;8
378;3°;Básico;20
378;3°;Crítico;57
378;3°;Medio;20
378;6°;Avanzado;17
378;6°;Básico;27
378;6°;Crítico;12
378;6°;Medio;38
384;2°;Avanzado;1
384;2°;Básico;12
384;2°;Crítico;36
384;2°;Medio;5
384;3°;Avanzado;13
384;3°;Básico;23
384;3°;Crítico;22
384;3°;Medio;11
384;4°;Avanzado;11
384;4°;Básico;24
384;4°;Crítico;20
384;4°;Medio;21
384;5°;Avanzado;7
384;5°;Básico;27
384;5°;Crítico;21
384;5°;Medio;19
384;6°;Avanzado;23
384;6°;Básico;13
384;6°;Crítico;8
384;6°;Medio;39
384;7°;Avanzado;19
384;7°;Básico;11
384;7°;Crítico;15
384;7°;Medio;34
392;2°;Básico;10
392;2°;Crítico;61
392;2°;Medio;12
392;3°;Avanzado;15
392;3°;Básico;35
392;3°;Crítico;24
392;3°;Medio;16
392;4°;Avanzado;21
392;4°;Básico;17
392;4°;Crítico;18
392;4°;Medio;26
392;5°;Básico;6
392;5°;Crítico;77
392;5°;Medio;6
392;6°;Avanzado;17
392;6°;Básico;10
392;6°;Crítico;14
392;6°;Medio;44
392;7°;Avanzado;27
392;7°;Básico;8
392;7°;Crítico;10
392;7°;Medio;36
393;2°;Avanzado;9
393;2°;Básico;22
393;2°;Crítico;19
393;2°;Medio;10
393;3°;Avanzado;14
393;3°;Básico;14
393;3°;Crítico;13
393;3°;Medio;8
393;4°;Avanzado;15
393;4°;Básico;11
393;4°;Crítico;4
393;4°;Medio;16
393;5°;Avanzado;7
393;5°;Básico;17
393;5°;Crítico;8
393;5°;Medio;22
393;6°;Avanzado;29
393;6°;Básico;3
393;6°;Crítico;3
393;6°;Medio;24
393;7°;Avanzado;9
393;7°;Básico;11
393;7°;Crítico;8
393;7°;Medio;36
417;2°;Avanzado;1
417;2°;Básico;12
417;2°;Crítico;84
417;2°;Medio;7
417;3°;Avanzado;12
417;3°;Básico;17
417;3°;Crítico;32
417;3°;Medio;16
417;4°;Avanzado;9
417;4°;Básico;37
417;4°;Crítico;28
417;4°;Medio;24
417;5°;Avanzado;6
417;5°;Básico;21
417;5°;Crítico;37
417;5°;Medio;14
417;6°;Avanzado;15
417;6°;Básico;16
417;6°;Crítico;12
417;6°;Medio;24
417;7°;Avanzado;9
417;7°;Básico;32
417;7°;Crítico;16
417;7°;Medio;35
457;2°;Básico;2
457;2°;Crítico;23
457;3°;Básico;4
457;3°;Crítico;18
457;3°;Medio;3
457;4°;Avanzado;1
457;4°;Básico;6
457;4°;Crítico;6
457;4°;Medio;4
457;5°;Básico;8
457;5°;Crítico;9
457;5°;Medio;4
457;6°;Básico;4
457;6°;Crítico;4
457;6°;Medio;5
457;7°;Básico;6
457;7°;Crítico;5
457;7°;Medio;5
461;2°;Básico;3
461;2°;Crítico;15
461;2°;Medio;1
461;3°;Básico;7
461;3°;Crítico;16
461;3°;Medio;2
461;4°;Avanzado;1
461;4°;Básico;3
461;4°;Crítico;12
461;4°;Medio;4
461;5°;Básico;4
461;5°;Crítico;10
461;5°;Medio;2
461;6°;Avanzado;1
461;6°;Básico;7
461;6°;Crítico;11
461;6°;Medio;3
461;7°;Básico;2
461;7°;Crítico;13
461;7°;Medio;5
477;2°;Básico;3
477;2°;Crítico;25
477;3°;Básico;5
477;3°;Crítico;23
477;3°;Medio;5
477;4°;Básico;10
477;4°;Crítico;8
477;4°;Medio;1
477;5°;Avanzado;9
477;5°;Básico;4
477;5°;Crítico;4
477;5°;Medio;7
477;6°;Avanzado;2
477;6°;Básico;2
477;6°;Crítico;8
477;6°;Medio;2
477;7°;Avanzado;16
477;7°;Básico;4
477;7°;Crítico;2
477;7°;Medio;6
478;2°;Avanzado;2
478;2°;Básico;14
478;2°;Crítico;46
478;2°;Medio;5
478;3°;Avanzado;4
478;3°;Básico;15
478;3°;Crítico;36
478;3°;Medio;3
478;4°;Avanzado;5
478;4°;Básico;15
478;4°;Crítico;18
478;4°;Medio;10
478;5°;Avanzado;1
478;5°;Básico;16
478;5°;Crítico;26
478;5°;Medio;7
478;6°;Avanzado;4
478;6°;Básico;12
478;6°;Crítico;20
478;6°;Medio;14
478;7°;Avanzado;4
478;7°;Básico;12
478;7°;Crítico;24
478;7°;Medio;8
485;2°;Avanzado;2
485;2°;Básico;8
485;2°;Crítico;35
485;2°;Medio;1
485;3°;Avanzado;6
485;3°;Básico;10
485;3°;Crítico;19
485;3°;Medio;13
485;4°;Avanzado;1
485;4°;Básico;13
485;4°;Crítico;28
485;4°;Medio;6
485;5°;Avanzado;1
485;5°;Básico;6
485;5°;Crítico;39
485;5°;Medio;4
485;6°;Avanzado;1
485;6°;Básico;10
485;6°;Crítico;10
485;6°;Medio;14
485;7°;Avanzado;2
485;7°;Básico;24
485;7°;Crítico;12
485;7°;Medio;11
486;2°;Avanzado;2
486;2°;Básico;22
486;2°;Crítico;34
486;2°;Medio;5
486;3°;Avanzado;4
486;3°;Básico;18
486;3°;Crítico;30
486;3°;Medio;11
486;4°;Avanzado;6
486;4°;Básico;14
486;4°;Crítico;20
486;4°;Medio;17
486;5°;Avanzado;5
486;5°;Básico;14
486;5°;Crítico;25
486;5°;Medio;16
486;6°;Avanzado;3
486;6°;Básico;16
486;6°;Crítico;11
486;6°;Medio;21
486;7°;Avanzado;1
486;7°;Básico;30
486;7°;Crítico;11
486;7°;Medio;14
494;2°;Básico;3
494;2°;Crítico;32
494;3°;Avanzado;1
494;3°;Básico;9
494;3°;Crítico;10
494;3°;Medio;9
494;4°;Avanzado;3
494;4°;Básico;9
494;4°;Crítico;9
494;4°;Medio;7
494;5°;Avanzado;2
494;5°;Básico;6
494;5°;Crítico;14
494;5°;Medio;3
494;6°;Avanzado;2
494;6°;Básico;4
494;6°;Crítico;6
494;6°;Medio;12
494;7°;Básico;11
494;7°;Crítico;10
494;7°;Medio;9
511;2°;Crítico;15
511;2°;Medio;1
511;3°;Crítico;16
511;4°;Básico;2
511;4°;Crítico;16
511;5°;Básico;1
511;5°;Crítico;8
511;5°;Medio;2
511;6°;Básico;2
511;6°;Crítico;10
511;6°;Medio;1
511;7°;Crítico;4
514;2°;Avanzado;6
514;2°;Básico;12
514;2°;Crítico;54
514;2°;Medio;6
514;3°;Avanzado;8
514;3°;Básico;24
514;3°;Crítico;34
514;3°;Medio;10
514;4°;Avanzado;5
514;4°;Básico;28
514;4°;Crítico;21
514;4°;Medio;16
514;5°;Avanzado;4
514;5°;Básico;20
514;5°;Crítico;23
514;5°;Medio;8
514;6°;Avanzado;7
514;6°;Básico;17
514;6°;Crítico;14
514;6°;Medio;17
514;7°;Avanzado;1
514;7°;Básico;23
514;7°;Crítico;26
514;7°;Medio;32
552;2°;Básico;6
552;2°;Crítico;53
552;2°;Medio;4
552;3°;Avanzado;4
552;3°;Básico;20
552;3°;Crítico;25
552;3°;Medio;8
552;4°;Avanzado;9
552;4°;Básico;12
552;4°;Crítico;22
552;4°;Medio;17
552;5°;Básico;10
552;5°;Crítico;20
552;5°;Medio;8
552;6°;Avanzado;2
552;6°;Básico;12
552;6°;Crítico;18
552;6°;Medio;18
552;7°;Avanzado;3
552;7°;Básico;10
552;7°;Crítico;27
552;7°;Medio;10
582;2°;Básico;7
582;2°;Crítico;39
582;2°;Medio;2
582;3°;Avanzado;7
582;3°;Básico;21
582;3°;Crítico;14
582;3°;Medio;20
582;4°;Avanzado;11
582;4°;Básico;18
582;4°;Crítico;6
582;4°;Medio;20
582;5°;Avanzado;7
582;5°;Básico;16
582;5°;Crítico;14
582;5°;Medio;16
582;6°;Avanzado;15
582;6°;Básico;13
582;6°;Crítico;8
582;6°;Medio;22
582;7°;Avanzado;4
582;7°;Básico;13
582;7°;Crítico;7
582;7°;Medio;24
621;2°;Básico;1
621;2°;Crítico;47
621;3°;Básico;4
621;3°;Crítico;21
621;3°;Medio;1
621;4°;Básico;5
621;4°;Crítico;17
621;4°;Medio;1
621;5°;Básico;5
621;5°;Crítico;19
621;5°;Medio;1
621;6°;Básico;9
621;6°;Crítico;20
621;6°;Medio;1
621;7°;Básico;2
621;7°;Crítico;16
621;7°;Medio;2
989;1°;Avanzado;41
989;1°;Básico;23
989;1°;Crítico;12
989;1°;Medio;115
989;2°;Avanzado;46
989;2°;Básico;50
989;2°;Crítico;23
989;2°;Medio;92
989;3°;Avanzado;46
989;3°;Básico;43
989;3°;Crítico;42
989;3°;Medio;82
989;4°;Avanzado;40
989;4°;Básico;37
989;4°;Crítico;14
989;4°;Medio;91
989;5°;Avanzado;33
989;5°;Básico;49
989;5°;Crítico;34
989;5°;Medio;67
990;1°;Avanzado;9
990;1°;Básico;19
990;1°;Crítico;9
990;1°;Medio;82
990;2°;Avanzado;22
990;2°;Básico;37
990;2°;Crítico;12
990;2°;Medio;55
990;3°;Avanzado;2
990;3°;Básico;23
990;3°;Crítico;36
990;3°;Medio;55
990;4°;Avanzado;10
990;4°;Básico;28
990;4°;Crítico;9
990;4°;Medio;42
990;5°;Avanzado;5
990;5°;Básico;49
990;5°;Crítico;19
990;5°;Medio;21
990;6°;Avanzado;4
990;6°;Básico;38
990;6°;Crítico;23
990;6°;Medio;28
991;1°;Avanzado;15
991;1°;Básico;8
991;1°;Crítico;23
991;1°;Medio;84
991;2°;Avanzado;16
991;2°;Básico;58
991;2°;Crítico;24
991;2°;Medio;81
991;3°;Avanzado;41
991;3°;Básico;24
991;3°;Crítico;21
991;3°;Medio;67
991;4°;Avanzado;16
991;4°;Básico;28
991;4°;Crítico;22
991;4°;Medio;58
991;5°;Avanzado;6
991;5°;Básico;33
991;5°;Crítico;17
991;5°;Medio;61
991;6°;Avanzado;1
991;6°;Básico;21
991;6°;Crítico;12
991;6°;Medio;71
993;1°;Avanzado;27
993;1°;Básico;39
993;1°;Crítico;29
993;1°;Medio;66
993;2°;Avanzado;12
993;2°;Básico;44
993;2°;Crítico;57
993;2°;Medio;56
993;3°;Avanzado;8
993;3°;Básico;37
993;3°;Crítico;65
993;3°;Medio;21
993;4°;Avanzado;6
993;4°;Básico;39
993;4°;Crítico;39
993;4°;Medio;31
993;5°;Avanzado;1
993;5°;Básico;25
993;5°;Crítico;37
993;5°;Medio;16
993;6°;Avanzado;3
993;6°;Básico;22
993;6°;Crítico;35
993;6°;Medio;5
997;1°;Crítico;166
997;2°;Avanzado;14
997;2°;Básico;64
997;2°;Crítico;52
997;2°;Medio;40
997;3°;Avanzado;6
997;3°;Básico;30
997;3°;Crítico;102
997;3°;Medio;11
997;4°;Avanzado;3
997;4°;Básico;33
997;4°;Crítico;79
997;4°;Medio;17
997;5°;Básico;17
997;5°;Crítico;56
997;5°;Medio;12
1004;1°;Avanzado;59
1004;1°;Básico;15
1004;1°;Crítico;10
1004;1°;Medio;111
1004;2°;Avanzado;44
1004;2°;Básico;44
1004;2°;Crítico;10
1004;2°;Medio;110
1004;3°;Avanzado;26
1004;3°;Básico;42
1004;3°;Crítico;20
1004;3°;Medio;114
1004;4°;Avanzado;36
1004;4°;Básico;46
1004;4°;Crítico;18
1004;4°;Medio;80
1004;5°;Avanzado;20
1004;5°;Básico;37
1004;5°;Crítico;22
1004;5°;Medio;77
1004;6°;Avanzado;67
1004;6°;Básico;10
1004;6°;Crítico;25
1004;6°;Medio;41
1008;1°;Avanzado;18
1008;1°;Básico;35
1008;1°;Crítico;18
1008;1°;Medio;63
1008;2°;Avanzado;16
1008;2°;Básico;37
1008;2°;Crítico;44
1008;2°;Medio;45
1008;3°;Avanzado;9
1008;3°;Básico;34
1008;3°;Crítico;38
1008;3°;Medio;57
1008;4°;Avanzado;10
1008;4°;Básico;32
1008;4°;Crítico;39
1008;4°;Medio;30
1008;5°;Avanzado;2
1008;5°;Básico;28
1008;5°;Crítico;40
1008;5°;Medio;16
1008;6°;Avanzado;5
1008;6°;Básico;22
1008;6°;Crítico;16
1008;6°;Medio;27
1010;1°;Avanzado;13
1010;1°;Básico;17
1010;1°;Crítico;23
1010;1°;Medio;43
1010;2°;Avanzado;15
1010;2°;Básico;33
1010;2°;Crítico;37
1010;2°;Medio;30
1010;3°;Avanzado;10
1010;3°;Básico;28
1010;3°;Crítico;20
1010;3°;Medio;28
1010;4°;Avanzado;3
1010;4°;Básico;26
1010;4°;Crítico;41
1010;4°;Medio;17
1010;5°;Avanzado;2
1010;5°;Básico;24
1010;5°;Crítico;39
1010;5°;Medio;7
1010;6°;Avanzado;1
1010;6°;Básico;13
1010;6°;Crítico;13
1010;6°;Medio;11
1012;1°;Avanzado;25
1012;1°;Básico;21
1012;1°;Crítico;13
1012;1°;Medio;65
1012;2°;Avanzado;14
1012;2°;Básico;41
1012;2°;Crítico;19
1012;2°;Medio;46
1012;3°;Avanzado;8
1012;3°;Básico;26
1012;3°;Crítico;40
1012;3°;Medio;31
1012;4°;Avanzado;11
1012;4°;Básico;22
1012;4°;Crítico;23
1012;4°;Medio;27
1012;5°;Avanzado;3
1012;5°;Básico;28
1012;5°;Crítico;17
1012;5°;Medio;23
1015;1°;Avanzado;17
1015;1°;Básico;13
1015;1°;Crítico;17
1015;1°;Medio;38
1015;2°;Avanzado;7
1015;2°;Básico;20
1015;2°;Crítico;31
1015;2°;Medio;32
1015;3°;Avanzado;4
1015;3°;Básico;17
1015;3°;Crítico;23
1015;3°;Medio;16
1015;4°;Avanzado;1
1015;4°;Básico;14
1015;4°;Crítico;21
1015;4°;Medio;17
1015;5°;Básico;5
1015;5°;Crítico;15
1015;5°;Medio;8
1022;2°;Avanzado;8
1022;2°;Básico;16
1022;2°;Crítico;21
1022;2°;Medio;14
1022;3°;Avanzado;8
1022;3°;Básico;11
1022;3°;Crítico;24
1022;3°;Medio;16
1022;4°;Avanzado;3
1022;4°;Básico;22
1022;4°;Crítico;22
1022;4°;Medio;20
1022;5°;Avanzado;1
1022;5°;Básico;10
1022;5°;Crítico;20
1022;5°;Medio;13
1022;6°;Avanzado;1
1022;6°;Básico;14
1022;6°;Crítico;13
1022;6°;Medio;10
1023;1°;Avanzado;22
1023;1°;Básico;59
1023;1°;Crítico;44
1023;1°;Medio;104
1023;2°;Avanzado;27
1023;2°;Básico;59
1023;2°;Crítico;45
1023;2°;Medio;78
1023;3°;Avanzado;10
1023;3°;Básico;19
1023;3°;Crítico;179
1023;3°;Medio;18
1023;4°;Avanzado;6
1023;4°;Básico;23
1023;4°;Crítico;104
1023;4°;Medio;31
1023;5°;Avanzado;11
1023;5°;Básico;34
1023;5°;Crítico;63
1023;5°;Medio;35
1023;6°;Crítico;91
1023;6°;Medio;1
1024;1°;Avanzado;5
1024;1°;Básico;16
1024;1°;Crítico;56
1024;1°;Medio;21
1024;2°;Avanzado;4
1024;2°;Básico;6
1024;2°;Crítico;56
1024;2°;Medio;10
1024;3°;Crítico;63
1026;1°;Avanzado;5
1026;1°;Básico;34
1026;1°;Crítico;18
1026;1°;Medio;59
1026;2°;Avanzado;5
1026;2°;Básico;42
1026;2°;Crítico;37
1026;2°;Medio;43
1026;3°;Avanzado;2
1026;3°;Básico;31
1026;3°;Crítico;58
1026;3°;Medio;23
1026;4°;Básico;48
1026;4°;Crítico;14
1026;4°;Medio;10
1026;5°;Básico;38
1026;5°;Crítico;39
1026;5°;Medio;4
1026;6°;Básico;26
1026;6°;Crítico;37
1026;6°;Medio;14
1027;1°;Avanzado;4
1027;1°;Básico;21
1027;1°;Crítico;16
1027;1°;Medio;28
1027;2°;Avanzado;2
1027;2°;Básico;28
1027;2°;Crítico;20
1027;2°;Medio;16
1027;3°;Avanzado;1
1027;3°;Básico;18
1027;3°;Crítico;27
1027;3°;Medio;8
1027;4°;Básico;11
1027;4°;Crítico;10
1027;4°;Medio;8
1027;5°;Avanzado;1
1027;5°;Básico;16
1027;5°;Crítico;22
1027;5°;Medio;7
1027;6°;Avanzado;4
1027;6°;Básico;12
1027;6°;Crítico;3
1027;6°;Medio;4
1034;1°;Avanzado;6
1034;1°;Básico;15
1034;1°;Crítico;8
1034;1°;Medio;72
1034;2°;Avanzado;14
1034;2°;Básico;38
1034;2°;Crítico;16
1034;2°;Medio;49
1034;3°;Avanzado;12
1034;3°;Básico;16
1034;3°;Crítico;34
1034;3°;Medio;30
1034;4°;Avanzado;2
1034;4°;Básico;29
1034;4°;Crítico;22
1034;4°;Medio;24
1034;5°;Avanzado;2
1034;5°;Básico;21
1034;5°;Crítico;7
1034;5°;Medio;22
1034;6°;Avanzado;2
1034;6°;Básico;18
1034;6°;Crítico;16
1034;6°;Medio;16
1037;1°;Avanzado;5
1037;1°;Básico;26
1037;1°;Crítico;12
1037;1°;Medio;47
1037;2°;Avanzado;9
1037;2°;Básico;33
1037;2°;Crítico;19
1037;2°;Medio;26
1037;3°;Avanzado;2
1037;3°;Básico;34
1037;3°;Crítico;33
1037;3°;Medio;20
1037;4°;Avanzado;3
1037;4°;Básico;31
1037;4°;Crítico;28
1037;4°;Medio;21
1037;5°;Avanzado;2
1037;5°;Básico;26
1037;5°;Crítico;31
1037;5°;Medio;9
1038;1°;Avanzado;4
1038;1°;Básico;22
1038;1°;Crítico;17
1038;1°;Medio;46
1038;2°;Avanzado;8
1038;2°;Básico;22
1038;2°;Crítico;21
1038;2°;Medio;28
1038;3°;Avanzado;7
1038;3°;Básico;22
1038;3°;Crítico;35
1038;3°;Medio;16
1038;4°;Avanzado;4
1038;4°;Básico;25
1038;4°;Crítico;12
1038;4°;Medio;22
1038;5°;Básico;26
1038;5°;Crítico;18
1038;5°;Medio;11
1043;1°;Avanzado;22
1043;1°;Básico;22
1043;1°;Crítico;7
1043;1°;Medio;88
1043;2°;Avanzado;23
1043;2°;Básico;18
1043;2°;Crítico;12
1043;2°;Medio;70
1043;3°;Avanzado;14
1043;3°;Básico;31
1043;3°;Crítico;13
1043;3°;Medio;65
1043;4°;Avanzado;20
1043;4°;Básico;27
1043;4°;Crítico;8
1043;4°;Medio;64
1043;5°;Avanzado;12
1043;5°;Básico;43
1043;5°;Crítico;14
1043;5°;Medio;56
1043;6°;Avanzado;6
1043;6°;Básico;2
1043;6°;Crítico;5
1043;6°;Medio;11
1050;1°;Avanzado;20
1050;1°;Básico;26
1050;1°;Crítico;19
1050;1°;Medio;89
1050;2°;Avanzado;21
1050;2°;Básico;53
1050;2°;Crítico;24
1050;2°;Medio;60
1050;3°;Avanzado;30
1050;3°;Básico;30
1050;3°;Crítico;34
1050;3°;Medio;27
1050;4°;Avanzado;17
1050;4°;Básico;29
1050;4°;Crítico;10
1050;4°;Medio;40
1050;5°;Avanzado;1
1050;5°;Básico;19
1050;5°;Crítico;26
1050;5°;Medio;12
1050;6°;Avanzado;14
1050;6°;Básico;10
1050;6°;Crítico;9
1050;6°;Medio;18
1052;1°;Avanzado;8
1052;1°;Básico;52
1052;1°;Crítico;20
1052;1°;Medio;78
1052;2°;Avanzado;11
1052;2°;Básico;53
1052;2°;Crítico;43
1052;2°;Medio;54
1052;3°;Avanzado;7
1052;3°;Básico;46
1052;3°;Crítico;54
1052;3°;Medio;51
1052;4°;Avanzado;4
1052;4°;Básico;56
1052;4°;Crítico;42
1052;4°;Medio;30
1052;5°;Avanzado;2
1052;5°;Básico;59
1052;5°;Crítico;46
1052;5°;Medio;34
1052;6°;Básico;9
1052;6°;Crítico;11
1052;6°;Medio;3
1053;1°;Avanzado;33
1053;1°;Básico;17
1053;1°;Crítico;24
1053;1°;Medio;63
1053;2°;Avanzado;3
1053;2°;Básico;54
1053;2°;Crítico;40
1053;2°;Medio;35
1053;3°;Avanzado;10
1053;3°;Básico;30
1053;3°;Crítico;70
1053;3°;Medio;24
1053;4°;Avanzado;29
1053;4°;Básico;18
1053;4°;Crítico;27
1053;4°;Medio;18
1053;5°;Avanzado;20
1053;5°;Básico;30
1053;5°;Crítico;28
1053;5°;Medio;29
1054;1°;Avanzado;6
1054;1°;Básico;36
1054;1°;Crítico;32
1054;1°;Medio;42
1054;2°;Avanzado;4
1054;2°;Básico;44
1054;2°;Crítico;42
1054;2°;Medio;25
1054;3°;Avanzado;2
1054;3°;Básico;23
1054;3°;Crítico;60
1054;3°;Medio;12
1054;4°;Avanzado;5
1054;4°;Básico;43
1054;4°;Crítico;64
1054;4°;Medio;20
1054;5°;Avanzado;5
1054;5°;Básico;23
1054;5°;Crítico;58
1054;5°;Medio;17
1055;1°;Básico;20
1055;1°;Crítico;41
1055;1°;Medio;22
1055;2°;Básico;28
1055;2°;Crítico;44
1055;2°;Medio;13
1055;3°;Avanzado;3
1055;3°;Básico;22
1055;3°;Crítico;57
1055;3°;Medio;20
1055;4°;Avanzado;5
1055;4°;Básico;21
1055;4°;Crítico;58
1055;4°;Medio;19
1055;5°;Avanzado;2
1055;5°;Básico;22
1055;5°;Crítico;46
1055;5°;Medio;5
1065;1°;Avanzado;35
1065;1°;Básico;27
1065;1°;Crítico;18
1065;1°;Medio;70
1065;2°;Avanzado;7
1065;2°;Básico;36
1065;2°;Crítico;42
1065;2°;Medio;34
1065;3°;Avanzado;7
1065;3°;Básico;20
1065;3°;Crítico;51
1065;3°;Medio;25
1065;4°;Avanzado;10
1065;4°;Básico;28
1065;4°;Crítico;31
1065;4°;Medio;31
1065;5°;Avanzado;2
1065;5°;Básico;27
1065;5°;Crítico;44
1065;5°;Medio;11
1065;6°;Crítico;74
1066;1°;Avanzado;3
1066;1°;Básico;33
1066;1°;Crítico;17
1066;1°;Medio;42
1066;2°;Avanzado;9
1066;2°;Básico;30
1066;2°;Crítico;38
1066;2°;Medio;24
1066;3°;Avanzado;3
1066;3°;Básico;18
1066;3°;Crítico;37
1066;3°;Medio;18
1066;4°;Avanzado;2
1066;4°;Básico;30
1066;4°;Crítico;19
1066;4°;Medio;21
1066;5°;Avanzado;4
1066;5°;Básico;19
1066;5°;Crítico;20
1066;5°;Medio;12
1069;1°;Avanzado;3
1069;1°;Básico;41
1069;1°;Crítico;29
1069;1°;Medio;90
1069;2°;Avanzado;10
1069;2°;Básico;37
1069;2°;Crítico;29
1069;2°;Medio;35
1069;3°;Avanzado;4
1069;3°;Básico;26
1069;3°;Crítico;58
1069;3°;Medio;33
1069;4°;Avanzado;8
1069;4°;Básico;35
1069;4°;Crítico;26
1069;4°;Medio;35
1069;5°;Avanzado;3
1069;5°;Básico;21
1069;5°;Crítico;25
1069;5°;Medio;23
1069;6°;Básico;4
1069;6°;Crítico;1
1070;1°;Básico;1
1070;1°;Crítico;12
1070;2°;Crítico;11
1070;3°;Básico;1
1070;3°;Crítico;46
1070;4°;Avanzado;1
1070;4°;Crítico;15
1070;4°;Medio;1
1070;5°;Crítico;8
1073;1°;Avanzado;21
1073;1°;Básico;63
1073;1°;Crítico;35
1073;1°;Medio;89
1073;2°;Avanzado;7
1073;2°;Básico;41
1073;2°;Crítico;110
1073;2°;Medio;29
1073;3°;Básico;15
1073;3°;Crítico;158
1073;3°;Medio;13
1073;4°;Avanzado;6
1073;4°;Básico;35
1073;4°;Crítico;74
1073;4°;Medio;24
1073;5°;Avanzado;5
1073;5°;Básico;50
1073;5°;Crítico;42
1073;5°;Medio;27
1074;1°;Crítico;5
1074;1°;Medio;1
1074;2°;Crítico;6
1074;3°;Básico;1
1074;3°;Crítico;6
1074;4°;Crítico;3
1074;5°;Crítico;1
1080;1°;Avanzado;10
1080;1°;Básico;43
1080;1°;Crítico;65
1080;1°;Medio;55
1080;2°;Avanzado;7
1080;2°;Básico;54
1080;2°;Crítico;54
1080;2°;Medio;30
1080;3°;Avanzado;3
1080;3°;Básico;41
1080;3°;Crítico;49
1080;3°;Medio;22
1080;4°;Avanzado;3
1080;4°;Básico;34
1080;4°;Crítico;48
1080;4°;Medio;25
1080;5°;Avanzado;2
1080;5°;Básico;32
1080;5°;Crítico;52
1080;5°;Medio;9
1092;1°;Avanzado;28
1092;1°;Básico;9
1092;1°;Crítico;61
1092;1°;Medio;95
1092;2°;Avanzado;39
1092;2°;Básico;25
1092;2°;Crítico;81
1092;2°;Medio;54
1092;3°;Avanzado;24
1092;3°;Básico;45
1092;3°;Crítico;79
1092;3°;Medio;77
1092;4°;Avanzado;6
1092;4°;Básico;10
1092;4°;Crítico;105
1092;4°;Medio;19
1092;5°;Avanzado;11
1092;5°;Básico;33
1092;5°;Crítico;42
1092;5°;Medio;35
1092;6°;Avanzado;10
1092;6°;Básico;4
1092;6°;Crítico;70
1092;6°;Medio;18
1096;1°;Avanzado;15
1096;1°;Básico;75
1096;1°;Crítico;32
1096;1°;Medio;70
1096;2°;Avanzado;13
1096;2°;Básico;62
1096;2°;Crítico;69
1096;2°;Medio;49
1096;3°;Avanzado;12
1096;3°;Básico;34
1096;3°;Crítico;87
1096;3°;Medio;48
1096;4°;Avanzado;6
1096;4°;Básico;27
1096;4°;Crítico;97
1096;4°;Medio;16
1096;5°;Avanzado;6
1096;5°;Básico;26
1096;5°;Crítico;57
1096;5°;Medio;21
1096;6°;Avanzado;10
1096;6°;Básico;22
1096;6°;Crítico;43
1096;6°;Medio;22
1098;1°;Avanzado;8
1098;1°;Básico;50
1098;1°;Crítico;56
1098;1°;Medio;51
1098;2°;Avanzado;10
1098;2°;Básico;27
1098;2°;Crítico;57
1098;2°;Medio;31
1098;3°;Avanzado;1
1098;3°;Básico;20
1098;3°;Crítico;47
1098;3°;Medio;10
1098;4°;Básico;20
1098;4°;Crítico;27
1098;4°;Medio;12
1098;5°;Avanzado;4
1098;5°;Básico;19
1098;5°;Crítico;14
1098;5°;Medio;5
1098;6°;Avanzado;3
1098;6°;Básico;5
1098;6°;Crítico;7
1098;6°;Medio;8
1099;1°;Avanzado;54
1099;1°;Básico;57
1099;1°;Crítico;49
1099;1°;Medio;167
1099;2°;Avanzado;45
1099;2°;Básico;52
1099;2°;Crítico;160
1099;2°;Medio;78
1099;3°;Avanzado;20
1099;3°;Básico;19
1099;3°;Crítico;213
1099;3°;Medio;38
1099;4°;Avanzado;34
1099;4°;Básico;92
1099;4°;Crítico;53
1099;4°;Medio;84
1099;5°;Avanzado;9
1099;5°;Básico;67
1099;5°;Crítico;98
1099;5°;Medio;56
1099;6°;Avanzado;10
1099;6°;Básico;15
1099;6°;Crítico;35
1099;6°;Medio;130
1103;1°;Avanzado;7
1103;1°;Básico;38
1103;1°;Crítico;20
1103;1°;Medio;48
1103;2°;Avanzado;12
1103;2°;Básico;29
1103;2°;Crítico;25
1103;2°;Medio;36
1103;3°;Avanzado;12
1103;3°;Básico;28
1103;3°;Crítico;27
1103;3°;Medio;22
1103;4°;Avanzado;4
1103;4°;Básico;18
1103;4°;Crítico;21
1103;4°;Medio;41
1103;5°;Avanzado;15
1103;5°;Básico;23
1103;5°;Crítico;11
1103;5°;Medio;30
1106;1°;Avanzado;16
1106;1°;Básico;70
1106;1°;Crítico;54
1106;1°;Medio;135
1106;2°;Avanzado;21
1106;2°;Básico;72
1106;2°;Crítico;82
1106;2°;Medio;71
1106;3°;Avanzado;4
1106;3°;Básico;40
1106;3°;Crítico;99
1106;3°;Medio;29
1106;4°;Avanzado;4
1106;4°;Básico;72
1106;4°;Crítico;77
1106;4°;Medio;27
1106;5°;Avanzado;1
1106;5°;Básico;54
1106;5°;Crítico;63
1106;5°;Medio;25
1106;6°;Básico;36
1106;6°;Crítico;47
1106;6°;Medio;22
1107;1°;Avanzado;7
1107;1°;Básico;34
1107;1°;Crítico;25
1107;1°;Medio;46
1107;2°;Avanzado;9
1107;2°;Básico;30
1107;2°;Crítico;32
1107;2°;Medio;40
1107;3°;Avanzado;5
1107;3°;Básico;18
1107;3°;Crítico;44
1107;3°;Medio;23
1107;4°;Avanzado;1
1107;4°;Básico;36
1107;4°;Crítico;22
1107;4°;Medio;14
1107;5°;Avanzado;1
1107;5°;Básico;35
1107;5°;Crítico;22
1107;5°;Medio;18
1107;6°;Avanzado;7
1107;6°;Básico;16
1107;6°;Crítico;13
1107;6°;Medio;15
1108;1°;Avanzado;19
1108;1°;Básico;44
1108;1°;Crítico;20
1108;1°;Medio;94
1108;2°;Avanzado;23
1108;2°;Básico;59
1108;2°;Crítico;32
1108;2°;Medio;51
1108;3°;Avanzado;12
1108;3°;Básico;47
1108;3°;Crítico;31
1108;3°;Medio;40
1108;4°;Avanzado;17
1108;4°;Básico;35
1108;4°;Crítico;33
1108;4°;Medio;44
1108;5°;Avanzado;4
1108;5°;Básico;26
1108;5°;Crítico;16
1108;5°;Medio;22
1108;6°;Avanzado;15
1108;6°;Básico;30
1108;6°;Crítico;25
1108;6°;Medio;21
1109;1°;Avanzado;12
1109;1°;Básico;61
1109;1°;Crítico;43
1109;1°;Medio;86
1109;2°;Avanzado;5
1109;2°;Básico;88
1109;2°;Crítico;70
1109;2°;Medio;45
1109;3°;Avanzado;6
1109;3°;Básico;52
1109;3°;Crítico;114
1109;3°;Medio;30
1109;4°;Avanzado;2
1109;4°;Básico;35
1109;4°;Crítico;35
1109;4°;Medio;20
1109;5°;Básico;39
1109;5°;Crítico;38
1109;5°;Medio;11
1109;6°;Avanzado;1
1109;6°;Básico;19
1109;6°;Crítico;26
1109;6°;Medio;17
1110;1°;Avanzado;20
1110;1°;Básico;9
1110;1°;Crítico;3
1110;1°;Medio;60
1110;2°;Avanzado;24
1110;2°;Básico;25
1110;2°;Crítico;12
1110;2°;Medio;28
1110;3°;Avanzado;20
1110;3°;Básico;28
1110;3°;Crítico;20
1110;3°;Medio;39
1110;4°;Avanzado;7
1110;4°;Básico;28
1110;4°;Crítico;16
1110;4°;Medio;40
1110;5°;Avanzado;10
1110;5°;Básico;20
1110;5°;Crítico;5
1110;5°;Medio;26
1110;6°;Avanzado;14
1110;6°;Básico;20
1110;6°;Crítico;7
1110;6°;Medio;32
1111;1°;Avanzado;5
1111;1°;Básico;31
1111;1°;Crítico;26
1111;1°;Medio;31
1111;2°;Avanzado;2
1111;2°;Básico;34
1111;2°;Crítico;27
1111;2°;Medio;22
1111;3°;Avanzado;1
1111;3°;Básico;22
1111;3°;Crítico;52
1111;3°;Medio;11
1111;4°;Avanzado;1
1111;4°;Básico;14
1111;4°;Crítico;20
1111;4°;Medio;24
1111;5°;Avanzado;1
1111;5°;Básico;28
1111;5°;Crítico;26
1111;5°;Medio;12
1111;6°;Básico;22
1111;6°;Crítico;15
1111;6°;Medio;14
1116;1°;Avanzado;28
1116;1°;Básico;19
1116;1°;Crítico;21
1116;1°;Medio;85
1116;2°;Avanzado;18
1116;2°;Básico;45
1116;2°;Crítico;17
1116;2°;Medio;60
1116;3°;Avanzado;13
1116;3°;Básico;37
1116;3°;Crítico;56
1116;3°;Medio;40
1116;4°;Avanzado;8
1116;4°;Básico;43
1116;4°;Crítico;28
1116;4°;Medio;40
1116;5°;Avanzado;8
1116;5°;Básico;43
1116;5°;Crítico;29
1116;5°;Medio;30
1120;1°;Avanzado;26
1120;1°;Básico;13
1120;1°;Crítico;13
1120;1°;Medio;53
1120;2°;Avanzado;13
1120;2°;Básico;29
1120;2°;Crítico;16
1120;2°;Medio;61
1120;3°;Avanzado;13
1120;3°;Básico;34
1120;3°;Crítico;23
1120;3°;Medio;62
1120;4°;Avanzado;8
1120;4°;Básico;35
1120;4°;Crítico;26
1120;4°;Medio;41
1120;5°;Avanzado;2
1120;5°;Básico;23
1120;5°;Crítico;26
1120;5°;Medio;25
1120;6°;Avanzado;3
1120;6°;Básico;27
1120;6°;Crítico;12
1120;6°;Medio;28
1121;1°;Avanzado;18
1121;1°;Básico;23
1121;1°;Crítico;36
1121;1°;Medio;72
1121;2°;Avanzado;8
1121;2°;Básico;37
1121;2°;Crítico;47
1121;2°;Medio;14
1121;3°;Avanzado;8
1121;3°;Básico;23
1121;3°;Crítico;53
1121;3°;Medio;26
1121;4°;Avanzado;13
1121;4°;Básico;25
1121;4°;Crítico;27
1121;4°;Medio;21
1121;5°;Avanzado;16
1121;5°;Básico;14
1121;5°;Crítico;28
1121;5°;Medio;36
1125;1°;Avanzado;3
1125;1°;Básico;26
1125;1°;Crítico;14
1125;1°;Medio;43
1125;2°;Básico;3
1125;2°;Crítico;71
1125;2°;Medio;10
1125;3°;Avanzado;1
1125;3°;Básico;16
1125;3°;Crítico;36
1125;3°;Medio;15
1125;4°;Avanzado;2
1125;4°;Básico;10
1125;4°;Crítico;46
1125;4°;Medio;13
1125;5°;Crítico;57
1133;1°;Avanzado;9
1133;1°;Básico;43
1133;1°;Crítico;31
1133;1°;Medio;48
1133;2°;Avanzado;10
1133;2°;Básico;48
1133;2°;Crítico;38
1133;2°;Medio;29
1133;3°;Avanzado;10
1133;3°;Básico;36
1133;3°;Crítico;56
1133;3°;Medio;26
1133;4°;Avanzado;3
1133;4°;Básico;40
1133;4°;Crítico;36
1133;4°;Medio;20
1133;5°;Avanzado;2
1133;5°;Básico;27
1133;5°;Crítico;27
1133;5°;Medio;8
1133;6°;Avanzado;5
1133;6°;Básico;8
1133;6°;Crítico;7
1133;6°;Medio;10
1134;1°;Avanzado;2
1134;1°;Básico;12
1134;1°;Crítico;7
1134;1°;Medio;24
1134;2°;Avanzado;2
1134;2°;Básico;30
1134;2°;Crítico;21
1134;2°;Medio;10
1134;3°;Avanzado;7
1134;3°;Básico;15
1134;3°;Crítico;18
1134;3°;Medio;11
1134;4°;Básico;15
1134;4°;Crítico;19
1134;4°;Medio;10
1134;5°;Básico;17
1134;5°;Crítico;18
1134;5°;Medio;11
1140;1°;Avanzado;2
1140;1°;Básico;58
1140;1°;Crítico;57
1140;1°;Medio;32
1140;2°;Avanzado;4
1140;2°;Básico;38
1140;2°;Crítico;95
1140;2°;Medio;26
1140;3°;Avanzado;1
1140;3°;Básico;30
1140;3°;Crítico;84
1140;3°;Medio;14
1140;4°;Básico;28
1140;4°;Crítico;55
1140;4°;Medio;8
1140;5°;Avanzado;3
1140;5°;Básico;34
1140;5°;Crítico;55
1140;5°;Medio;10
1141;1°;Básico;10
1141;1°;Crítico;27
1141;1°;Medio;25
1141;2°;Básico;16
1141;2°;Crítico;34
1141;2°;Medio;4
1141;3°;Avanzado;3
1141;3°;Básico;11
1141;3°;Crítico;62
1141;3°;Medio;8
1141;4°;Avanzado;1
1141;4°;Básico;12
1141;4°;Crítico;33
1141;4°;Medio;10
1141;5°;Básico;9
1141;5°;Crítico;23
1141;5°;Medio;6
1142;1°;Avanzado;8
1142;1°;Básico;8
1142;1°;Crítico;15
1142;1°;Medio;21
1142;2°;Avanzado;9
1142;2°;Básico;16
1142;2°;Crítico;16
1142;2°;Medio;25
1142;3°;Avanzado;3
1142;3°;Básico;14
1142;3°;Crítico;38
1142;3°;Medio;11
1142;4°;Avanzado;5
1142;4°;Básico;14
1142;4°;Crítico;30
1142;4°;Medio;15
1142;5°;Avanzado;3
1142;5°;Básico;15
1142;5°;Crítico;29
1142;5°;Medio;17
1143;1°;Avanzado;121
1143;1°;Básico;3
1143;1°;Crítico;9
1143;1°;Medio;42
1143;2°;Avanzado;89
1143;2°;Básico;6
1143;2°;Crítico;22
1143;2°;Medio;65
1143;3°;Avanzado;148
1143;3°;Crítico;23
1143;3°;Medio;13
1143;4°;Avanzado;144
1143;4°;Crítico;16
1143;5°;Avanzado;71
1143;5°;Crítico;17
1144;1°;Avanzado;13
1144;1°;Básico;44
1144;1°;Crítico;32
1144;1°;Medio;62
1144;2°;Avanzado;3
1144;2°;Básico;28
1144;2°;Crítico;77
1144;2°;Medio;25
1144;3°;Avanzado;4
1144;3°;Básico;28
1144;3°;Crítico;61
1144;3°;Medio;20
1144;4°;Avanzado;1
1144;4°;Básico;34
1144;4°;Crítico;43
1144;4°;Medio;11
1144;5°;Avanzado;1
1144;5°;Básico;22
1144;5°;Crítico;47
1144;5°;Medio;11
1154;1°;Avanzado;4
1154;1°;Básico;32
1154;1°;Crítico;31
1154;1°;Medio;91
1154;2°;Avanzado;6
1154;2°;Básico;35
1154;2°;Crítico;90
1154;2°;Medio;40
1154;3°;Avanzado;9
1154;3°;Básico;33
1154;3°;Crítico;81
1154;3°;Medio;50
1154;4°;Avanzado;3
1154;4°;Básico;7
1154;4°;Crítico;70
1154;4°;Medio;26
1154;5°;Avanzado;1
1154;5°;Básico;10
1154;5°;Crítico;78
1154;5°;Medio;12
1154;6°;Avanzado;1
1154;6°;Básico;15
1154;6°;Crítico;53
1154;6°;Medio;12
1162;1°;Básico;31
1162;1°;Crítico;44
1162;1°;Medio;10
1162;2°;Avanzado;1
1162;2°;Básico;16
1162;2°;Crítico;56
1162;2°;Medio;2
1162;3°;Avanzado;1
1162;3°;Básico;8
1162;3°;Crítico;61
1162;3°;Medio;5
1162;4°;Básico;11
1162;4°;Crítico;48
1162;4°;Medio;1
1162;5°;Crítico;37
1162;5°;Medio;5
1163;1°;Básico;26
1163;1°;Crítico;18
1163;1°;Medio;11
1163;2°;Básico;23
1163;2°;Crítico;31
1163;2°;Medio;3
1163;3°;Avanzado;2
1163;3°;Básico;12
1163;3°;Crítico;24
1163;3°;Medio;11
1163;4°;Avanzado;2
1163;4°;Básico;11
1163;4°;Crítico;22
1163;4°;Medio;13
1163;5°;Básico;11
1163;5°;Crítico;22
1163;5°;Medio;5
1168;1°;Avanzado;3
1168;1°;Básico;7
1168;1°;Crítico;4
1168;1°;Medio;15
1168;2°;Avanzado;4
1168;2°;Básico;12
1168;2°;Crítico;8
1168;2°;Medio;9
1168;3°;Básico;5
1168;3°;Crítico;26
1168;3°;Medio;5
1168;4°;Avanzado;1
1168;4°;Básico;6
1168;4°;Crítico;18
1168;4°;Medio;2
1168;5°;Básico;6
1168;5°;Crítico;10
1168;5°;Medio;1
1170;1°;Básico;8
1170;1°;Crítico;5
1170;1°;Medio;8
1170;2°;Avanzado;1
1170;2°;Básico;10
1170;2°;Crítico;12
1170;2°;Medio;6
1170;3°;Avanzado;1
1170;3°;Básico;9
1170;3°;Crítico;21
1170;3°;Medio;1
1170;4°;Avanzado;2
1170;4°;Básico;7
1170;4°;Crítico;9
1170;4°;Medio;6
1170;5°;Básico;12
1170;5°;Crítico;11
1170;5°;Medio;5
1170;6°;Básico;3
1170;6°;Crítico;4
1170;6°;Medio;2
1176;1°;Avanzado;2
1176;1°;Básico;39
1176;1°;Crítico;25
1176;1°;Medio;14
1176;2°;Básico;17
1176;2°;Crítico;52
1176;2°;Medio;7
1176;3°;Avanzado;1
1176;3°;Básico;5
1176;3°;Crítico;53
1176;3°;Medio;2
1176;4°;Avanzado;1
1176;4°;Básico;1
1176;4°;Crítico;38
1176;4°;Medio;3
1176;5°;Básico;12
1176;5°;Crítico;28
1176;5°;Medio;2
1176;6°;Crítico;16
1181;1°;Avanzado;2
1181;1°;Básico;13
1181;1°;Crítico;23
1181;1°;Medio;19
1181;2°;Básico;13
1181;2°;Crítico;33
1181;2°;Medio;3
1181;3°;Básico;5
1181;3°;Crítico;38
1181;3°;Medio;3
1181;4°;Avanzado;2
1181;4°;Básico;12
1181;4°;Crítico;24
1181;5°;Básico;3
1181;5°;Crítico;9
1181;5°;Medio;1
1181;6°;Básico;4
1181;6°;Crítico;14
1181;6°;Medio;2
1189;1°;Avanzado;1
1189;1°;Básico;35
1189;1°;Crítico;22
1189;1°;Medio;27
1189;2°;Avanzado;5
1189;2°;Básico;24
1189;2°;Crítico;32
1189;2°;Medio;18
1189;3°;Avanzado;4
1189;3°;Básico;22
1189;3°;Crítico;46
1189;3°;Medio;13
1189;4°;Avanzado;1
1189;4°;Básico;17
1189;4°;Crítico;36
1189;4°;Medio;13
1189;5°;Básico;22
1189;5°;Crítico;34
1189;5°;Medio;5
1191;1°;Avanzado;2
1191;1°;Básico;31
1191;1°;Crítico;34
1191;1°;Medio;20
1191;2°;Avanzado;1
1191;2°;Básico;23
1191;2°;Crítico;42
1191;2°;Medio;11
1191;3°;Básico;10
1191;3°;Crítico;56
1191;3°;Medio;10
1191;4°;Avanzado;1
1191;4°;Básico;13
1191;4°;Crítico;22
1191;4°;Medio;6
1191;5°;Básico;8
1191;5°;Crítico;14
1191;5°;Medio;1
1191;6°;Avanzado;1
1191;6°;Básico;5
1191;6°;Crítico;9
1191;6°;Medio;1
1198;1°;Avanzado;4
1198;1°;Básico;19
1198;1°;Crítico;13
1198;1°;Medio;15
1198;2°;Básico;13
1198;2°;Crítico;29
1198;2°;Medio;5
1198;3°;Avanzado;2
1198;3°;Básico;14
1198;3°;Crítico;34
1198;3°;Medio;5
1198;4°;Básico;10
1198;4°;Crítico;7
1198;4°;Medio;4
1198;5°;Básico;3
1198;5°;Crítico;24
1198;5°;Medio;1
1198;6°;Básico;7
1198;6°;Crítico;8
1198;6°;Medio;3
1199;1°;Avanzado;4
1199;1°;Básico;41
1199;1°;Crítico;28
1199;1°;Medio;46
1199;2°;Básico;43
1199;2°;Crítico;47
1199;2°;Medio;20
1199;3°;Avanzado;10
1199;3°;Básico;28
1199;3°;Crítico;50
1199;3°;Medio;21
1199;4°;Básico;24
1199;4°;Crítico;30
1199;4°;Medio;9
1199;5°;Avanzado;1
1199;5°;Básico;21
1199;5°;Crítico;9
1199;5°;Medio;6
1199;6°;Avanzado;2
1199;6°;Básico;16
1199;6°;Crítico;12
1199;6°;Medio;10
1200;1°;Avanzado;4
1200;1°;Básico;7
1200;1°;Crítico;9
1200;1°;Medio;12
1200;2°;Avanzado;3
1200;2°;Básico;8
1200;2°;Crítico;10
1200;2°;Medio;8
1200;3°;Avanzado;2
1200;3°;Básico;6
1200;3°;Crítico;15
1200;3°;Medio;7
1200;4°;Básico;7
1200;4°;Crítico;6
1200;4°;Medio;8
1200;5°;Básico;2
1200;5°;Crítico;6
1200;5°;Medio;2
1200;6°;Básico;3
1200;6°;Crítico;3
1200;6°;Medio;1
1202;1°;Básico;15
1202;1°;Crítico;18
1202;1°;Medio;26
1202;2°;Básico;24
1202;2°;Crítico;23
1202;2°;Medio;13
1202;3°;Avanzado;3
1202;3°;Básico;25
1202;3°;Crítico;31
1202;3°;Medio;9
1202;4°;Avanzado;4
1202;4°;Básico;17
1202;4°;Crítico;13
1202;4°;Medio;12
1202;5°;Básico;19
1202;5°;Crítico;20
1202;5°;Medio;8
1204;1°;Avanzado;3
1204;1°;Básico;28
1204;1°;Crítico;26
1204;1°;Medio;32
1204;2°;Avanzado;2
1204;2°;Básico;26
1204;2°;Crítico;37
1204;2°;Medio;9
1204;3°;Avanzado;2
1204;3°;Básico;13
1204;3°;Crítico;65
1204;3°;Medio;13
1204;4°;Avanzado;7
1204;4°;Básico;19
1204;4°;Crítico;19
1204;4°;Medio;11
1204;5°;Avanzado;1
1204;5°;Básico;15
1204;5°;Crítico;36
1204;5°;Medio;7
1209;1°;Avanzado;3
1209;1°;Básico;28
1209;1°;Crítico;19
1209;1°;Medio;45
1209;2°;Avanzado;4
1209;2°;Básico;41
1209;2°;Crítico;32
1209;2°;Medio;14
1209;3°;Avanzado;8
1209;3°;Básico;20
1209;3°;Crítico;43
1209;3°;Medio;21
1209;4°;Avanzado;5
1209;4°;Básico;28
1209;4°;Crítico;27
1209;4°;Medio;18
1209;5°;Avanzado;3
1209;5°;Básico;35
1209;5°;Crítico;35
1209;5°;Medio;14
1224;1°;Básico;12
1224;1°;Crítico;9
1224;1°;Medio;6
1224;2°;Básico;6
1224;2°;Crítico;16
1224;3°;Básico;2
1224;3°;Crítico;20
1224;3°;Medio;1
1224;4°;Básico;4
1224;4°;Crítico;18
1224;5°;Avanzado;2
1224;5°;Básico;1
1224;5°;Crítico;8
1224;5°;Medio;1
1241;1°;Avanzado;3
1241;1°;Básico;10
1241;1°;Crítico;9
1241;1°;Medio;10
1241;2°;Avanzado;1
1241;2°;Básico;9
1241;2°;Crítico;12
1241;2°;Medio;9
1241;3°;Avanzado;1
1241;3°;Básico;10
1241;3°;Crítico;12
1241;3°;Medio;6
1241;4°;Avanzado;1
1241;4°;Básico;16
1241;4°;Crítico;7
1241;4°;Medio;3
1241;5°;Básico;6
1241;5°;Crítico;4
1241;5°;Medio;7
1241;6°;Básico;5
1241;6°;Crítico;6
1241;6°;Medio;5
1450;2°;Avanzado;7
1450;2°;Básico;36
1450;2°;Crítico;50
1450;2°;Medio;15
1450;3°;Avanzado;38
1450;3°;Básico;33
1450;3°;Crítico;21
1450;3°;Medio;23
1450;4°;Avanzado;30
1450;4°;Básico;28
1450;4°;Crítico;14
1450;4°;Medio;44
1450;5°;Avanzado;22
1450;5°;Básico;28
1450;5°;Crítico;15
1450;5°;Medio;48
1450;6°;Avanzado;49
1450;6°;Básico;6
1450;6°;Crítico;4
1450;6°;Medio;51
1450;7°;Avanzado;28
1450;7°;Básico;35
1450;7°;Crítico;5
1450;7°;Medio;49
1812;2°;Avanzado;11
1812;2°;Básico;25
1812;2°;Crítico;14
1812;2°;Medio;11
1812;3°;Avanzado;15
1812;3°;Básico;25
1812;3°;Crítico;10
1812;3°;Medio;12
1812;4°;Avanzado;18
1812;4°;Básico;12
1812;4°;Crítico;10
1812;4°;Medio;24
1812;5°;Avanzado;12
1812;5°;Básico;16
1812;5°;Crítico;16
1812;5°;Medio;20
1812;6°;Avanzado;28
1812;6°;Básico;9
1812;6°;Crítico;5
1812;6°;Medio;22
1812;7°;Avanzado;7
1812;7°;Básico;18
1812;7°;Crítico;5
1812;7°;Medio;36
1813;2°;Avanzado;5
1813;2°;Básico;11
1813;2°;Crítico;30
1813;2°;Medio;5
1813;3°;Avanzado;21
1813;3°;Básico;12
1813;3°;Crítico;10
1813;3°;Medio;15
1813;4°;Avanzado;29
1813;4°;Básico;10
1813;4°;Crítico;8
1813;4°;Medio;14
1813;5°;Avanzado;23
1813;5°;Básico;13
1813;5°;Crítico;8
1813;5°;Medio;27
1813;6°;Avanzado;28
1813;6°;Básico;4
1813;6°;Crítico;9
1813;6°;Medio;23
1813;7°;Avanzado;20
1813;7°;Básico;11
1813;7°;Crítico;8
1813;7°;Medio;27
1817;2°;Avanzado;6
1817;2°;Básico;16
1817;2°;Crítico;12
1817;2°;Medio;11
1817;3°;Avanzado;25
1817;3°;Básico;9
1817;3°;Crítico;3
1817;3°;Medio;14
1817;4°;Avanzado;21
1817;4°;Básico;7
1817;4°;Crítico;6
1817;4°;Medio;13
1817;5°;Avanzado;14
1817;5°;Básico;6
1817;5°;Crítico;6
1817;5°;Medio;17
1817;6°;Avanzado;28
1817;6°;Básico;1
1817;6°;Crítico;2
1817;6°;Medio;18
1817;7°;Avanzado;13
1817;7°;Básico;4
1817;7°;Crítico;1
1817;7°;Medio;31
1818;2°;Avanzado;4
1818;2°;Básico;35
1818;2°;Crítico;9
1818;2°;Medio;14
1818;3°;Avanzado;31
1818;3°;Básico;7
1818;3°;Crítico;2
1818;3°;Medio;22
1818;4°;Avanzado;31
1818;4°;Básico;10
1818;4°;Crítico;7
1818;4°;Medio;14
1818;5°;Avanzado;32
1818;5°;Básico;15
1818;5°;Crítico;4
1818;5°;Medio;13
1818;6°;Avanzado;26
1818;6°;Básico;5
1818;6°;Crítico;5
1818;6°;Medio;26
1818;7°;Avanzado;22
1818;7°;Básico;16
1818;7°;Crítico;4
1818;7°;Medio;48
1820;2°;Avanzado;10
1820;2°;Básico;33
1820;2°;Crítico;21
1820;2°;Medio;9
1820;3°;Avanzado;25
1820;3°;Básico;22
1820;3°;Crítico;8
1820;3°;Medio;28
1820;4°;Avanzado;29
1820;4°;Básico;13
1820;4°;Crítico;6
1820;4°;Medio;25
1820;5°;Avanzado;15
1820;5°;Básico;20
1820;5°;Crítico;16
1820;5°;Medio;33
1820;6°;Avanzado;34
1820;6°;Básico;7
1820;6°;Crítico;3
1820;6°;Medio;35
1820;7°;Avanzado;22
1820;7°;Básico;12
1820;7°;Crítico;12
1820;7°;Medio;44
1823;2°;Avanzado;17
1823;2°;Básico;19
1823;2°;Crítico;4
1823;2°;Medio;19
1823;3°;Avanzado;24
1823;3°;Básico;5
1823;3°;Crítico;1
1823;3°;Medio;30
1823;4°;Avanzado;25
1823;4°;Básico;5
1823;4°;Crítico;1
1823;4°;Medio;12
1823;5°;Avanzado;22
1823;5°;Básico;8
1823;5°;Crítico;5
1823;5°;Medio;15
1823;6°;Avanzado;14
1823;6°;Básico;1
1823;6°;Crítico;1
1823;6°;Medio;9
1823;7°;Avanzado;8
1823;7°;Básico;5
1823;7°;Crítico;1
1823;7°;Medio;25
1824;2°;Avanzado;9
1824;2°;Básico;27
1824;2°;Crítico;15
1824;2°;Medio;13
1824;3°;Avanzado;19
1824;3°;Básico;10
1824;3°;Crítico;1
1824;3°;Medio;33
1824;4°;Avanzado;20
1824;4°;Básico;5
1824;4°;Crítico;7
1824;4°;Medio;27
1824;5°;Avanzado;10
1824;5°;Básico;17
1824;5°;Crítico;8
1824;5°;Medio;27
1824;6°;Avanzado;31
1824;6°;Básico;3
1824;6°;Crítico;1
1824;6°;Medio;28
1824;7°;Avanzado;15
1824;7°;Básico;13
1824;7°;Crítico;2
1824;7°;Medio;33
1831;2°;Avanzado;8
1831;2°;Básico;15
1831;2°;Crítico;18
1831;2°;Medio;11
1831;3°;Avanzado;3
1831;3°;Básico;16
1831;3°;Crítico;11
1831;3°;Medio;19
1831;4°;Avanzado;9
1831;4°;Básico;5
1831;4°;Crítico;11
1831;4°;Medio;14
1831;5°;Avanzado;9
1831;5°;Básico;10
1831;5°;Crítico;13
1831;5°;Medio;16
1831;6°;Avanzado;16
1831;6°;Básico;3
1831;6°;Crítico;3
1831;6°;Medio;16
1831;7°;Avanzado;4
1831;7°;Básico;6
1831;7°;Crítico;6
1831;7°;Medio;32
1832;2°;Avanzado;1
1832;2°;Básico;7
1832;2°;Crítico;6
1832;2°;Medio;5
1832;3°;Avanzado;9
1832;3°;Básico;7
1832;3°;Crítico;2
1832;3°;Medio;8
1832;4°;Avanzado;10
1832;4°;Básico;6
1832;4°;Crítico;1
1832;4°;Medio;6
1832;5°;Avanzado;7
1832;5°;Básico;10
1832;5°;Crítico;6
1832;5°;Medio;5
1832;6°;Avanzado;19
1832;6°;Básico;5
1832;6°;Crítico;7
1832;6°;Medio;21
1832;7°;Avanzado;12
1832;7°;Básico;6
1832;7°;Crítico;2
1832;7°;Medio;25
1837;2°;Avanzado;3
1837;2°;Básico;23
1837;2°;Crítico;14
1837;2°;Medio;21
1837;3°;Avanzado;19
1837;3°;Básico;14
1837;3°;Crítico;8
1837;3°;Medio;19
1837;4°;Avanzado;23
1837;4°;Básico;4
1837;4°;Crítico;4
1837;4°;Medio;22
1837;5°;Avanzado;14
1837;5°;Básico;8
1837;5°;Crítico;11
1837;5°;Medio;29
1837;6°;Avanzado;23
1837;6°;Básico;7
1837;6°;Crítico;4
1837;6°;Medio;25
1837;7°;Avanzado;10
1837;7°;Básico;5
1837;7°;Crítico;6
1837;7°;Medio;37
1842;2°;Avanzado;8
1842;2°;Básico;23
1842;2°;Crítico;14
1842;2°;Medio;12
1842;3°;Avanzado;27
1842;3°;Básico;15
1842;3°;Crítico;5
1842;3°;Medio;32
1842;4°;Avanzado;27
1842;4°;Básico;11
1842;4°;Crítico;1
1842;4°;Medio;22
1842;5°;Avanzado;18
1842;5°;Básico;10
1842;5°;Crítico;2
1842;5°;Medio;30
1842;6°;Avanzado;40
1842;6°;Básico;2
1842;6°;Crítico;1
1842;6°;Medio;20
1842;7°;Avanzado;21
1842;7°;Básico;7
1842;7°;Crítico;1
1842;7°;Medio;37
1844;2°;Avanzado;8
1844;2°;Básico;20
1844;2°;Crítico;15
1844;2°;Medio;11
1844;3°;Avanzado;24
1844;3°;Básico;12
1844;3°;Crítico;6
1844;3°;Medio;21
1844;4°;Avanzado;25
1844;4°;Básico;12
1844;4°;Crítico;2
1844;4°;Medio;18
1844;5°;Avanzado;10
1844;5°;Básico;16
1844;5°;Crítico;2
1844;5°;Medio;29
1844;6°;Avanzado;19
1844;6°;Básico;4
1844;6°;Crítico;3
1844;6°;Medio;40
1844;7°;Avanzado;10
1844;7°;Básico;17
1844;7°;Crítico;1
1844;7°;Medio;30
1846;2°;Avanzado;3
1846;2°;Básico;5
1846;2°;Crítico;2
1846;2°;Medio;5
1846;3°;Avanzado;14
1846;3°;Básico;4
1846;3°;Crítico;1
1846;3°;Medio;6
1846;4°;Avanzado;12
1846;4°;Básico;2
1846;4°;Crítico;1
1846;4°;Medio;6
1846;5°;Avanzado;11
1846;5°;Básico;1
1846;5°;Crítico;1
1846;5°;Medio;9
1846;6°;Avanzado;10
1846;6°;Crítico;1
1846;6°;Medio;1
1846;7°;Avanzado;7
1846;7°;Básico;2
1846;7°;Medio;9
1847;2°;Avanzado;10
1847;2°;Básico;24
1847;2°;Crítico;20
1847;2°;Medio;12
1847;3°;Avanzado;23
1847;3°;Básico;10
1847;3°;Crítico;8
1847;3°;Medio;17
1847;4°;Avanzado;28
1847;4°;Básico;8
1847;4°;Crítico;5
1847;4°;Medio;18
1847;5°;Avanzado;16
1847;5°;Básico;10
1847;5°;Crítico;7
1847;5°;Medio;25
1847;6°;Avanzado;39
1847;6°;Básico;2
1847;6°;Crítico;4
1847;6°;Medio;11
1847;7°;Avanzado;17
1847;7°;Básico;6
1847;7°;Crítico;5
1847;7°;Medio;26
1849;2°;Avanzado;17
1849;2°;Básico;16
1849;2°;Crítico;2
1849;2°;Medio;23
1849;3°;Avanzado;36
1849;3°;Básico;7
1849;3°;Medio;15
1849;4°;Avanzado;36
1849;4°;Básico;5
1849;4°;Crítico;4
1849;4°;Medio;14
1849;5°;Avanzado;21
1849;5°;Básico;9
1849;5°;Medio;29
1849;6°;Avanzado;36
1849;6°;Básico;1
1849;6°;Crítico;1
1849;6°;Medio;22
1849;7°;Avanzado;30
1849;7°;Básico;2
1849;7°;Medio;26
1852;2°;Avanzado;5
1852;2°;Básico;21
1852;2°;Crítico;13
1852;2°;Medio;19
1852;3°;Avanzado;26
1852;3°;Básico;7
1852;3°;Crítico;3
1852;3°;Medio;21
1852;4°;Avanzado;30
1852;4°;Básico;13
1852;4°;Crítico;2
1852;4°;Medio;11
1852;5°;Avanzado;14
1852;5°;Básico;14
1852;5°;Crítico;6
1852;5°;Medio;30
1852;6°;Avanzado;18
1852;6°;Básico;6
1852;6°;Crítico;3
1852;6°;Medio;31
1852;7°;Avanzado;6
1852;7°;Básico;10
1852;7°;Crítico;1
1852;7°;Medio;43
1854;2°;Avanzado;1
1854;2°;Básico;15
1854;2°;Crítico;13
1854;2°;Medio;3
1854;3°;Avanzado;8
1854;3°;Básico;16
1854;3°;Crítico;3
1854;3°;Medio;8
1854;4°;Avanzado;10
1854;4°;Básico;8
1854;4°;Crítico;5
1854;4°;Medio;5
1854;5°;Avanzado;2
1854;5°;Básico;18
1854;5°;Crítico;11
1854;5°;Medio;11
1854;6°;Avanzado;19
1854;6°;Básico;6
1854;6°;Medio;9
1854;7°;Avanzado;4
1854;7°;Básico;4
1854;7°;Crítico;6
1854;7°;Medio;12
1856;2°;Básico;6
1856;2°;Crítico;21
1856;3°;Avanzado;8
1856;3°;Básico;7
1856;3°;Crítico;7
1856;3°;Medio;5
1856;4°;Avanzado;5
1856;4°;Básico;6
1856;4°;Crítico;3
1856;4°;Medio;12
1856;5°;Avanzado;2
1856;5°;Básico;12
1856;5°;Crítico;6
1856;5°;Medio;13
1856;6°;Avanzado;4
1856;6°;Básico;13
1856;6°;Crítico;3
1856;6°;Medio;12
1856;7°;Básico;6
1856;7°;Crítico;8
1856;7°;Medio;17
1862;2°;Avanzado;3
1862;2°;Básico;3
1862;2°;Crítico;10
1862;2°;Medio;2
1862;3°;Avanzado;6
1862;3°;Básico;3
1862;3°;Crítico;3
1862;3°;Medio;13
1862;4°;Avanzado;3
1862;4°;Básico;6
1862;4°;Crítico;4
1862;4°;Medio;10
1862;5°;Básico;9
1862;5°;Crítico;11
1862;5°;Medio;3
1862;6°;Avanzado;7
1862;6°;Básico;5
1862;6°;Crítico;4
1862;6°;Medio;8
1862;7°;Avanzado;4
1862;7°;Básico;6
1862;7°;Crítico;4
1862;7°;Medio;13
1865;2°;Avanzado;7
1865;2°;Básico;7
1865;2°;Crítico;1
1865;2°;Medio;12
1865;3°;Avanzado;12
1865;3°;Básico;10
1865;3°;Crítico;1
1865;3°;Medio;4
1865;4°;Avanzado;12
1865;4°;Básico;3
1865;4°;Medio;10
1865;5°;Avanzado;5
1865;5°;Básico;9
1865;5°;Medio;12
1865;6°;Avanzado;19
1865;6°;Medio;8
1865;7°;Avanzado;6
1865;7°;Básico;3
1865;7°;Medio;16
1867;2°;Avanzado;3
1867;2°;Básico;35
1867;2°;Crítico;32
1867;2°;Medio;6
1867;3°;Avanzado;27
1867;3°;Básico;22
1867;3°;Crítico;3
1867;3°;Medio;24
1867;4°;Avanzado;34
1867;4°;Básico;6
1867;4°;Crítico;2
1867;4°;Medio;30
1867;5°;Avanzado;14
1867;5°;Básico;11
1867;5°;Crítico;8
1867;5°;Medio;35
1867;6°;Avanzado;19
1867;6°;Básico;6
1867;6°;Crítico;4
1867;6°;Medio;35
1867;7°;Avanzado;13
1867;7°;Básico;16
1867;7°;Crítico;4
1867;7°;Medio;40
1869;2°;Avanzado;1
1869;2°;Básico;17
1869;2°;Crítico;27
1869;2°;Medio;10
1869;3°;Avanzado;11
1869;3°;Básico;17
1869;3°;Crítico;7
1869;3°;Medio;28
1869;4°;Avanzado;19
1869;4°;Básico;12
1869;4°;Crítico;5
1869;4°;Medio;19
1869;5°;Avanzado;5
1869;5°;Básico;19
1869;5°;Crítico;13
1869;5°;Medio;25
1869;6°;Avanzado;18
1869;6°;Básico;10
1869;6°;Crítico;4
1869;6°;Medio;24
1869;7°;Avanzado;18
1869;7°;Básico;10
1869;7°;Crítico;5
1869;7°;Medio;27
1875;2°;Avanzado;7
1875;2°;Básico;14
1875;2°;Crítico;13
1875;2°;Medio;10
1875;3°;Avanzado;27
1875;3°;Básico;6
1875;3°;Crítico;4
1875;3°;Medio;18
1875;4°;Avanzado;43
1875;4°;Básico;3
1875;4°;Crítico;2
1875;4°;Medio;17
1875;5°;Avanzado;36
1875;5°;Básico;5
1875;5°;Crítico;2
1875;5°;Medio;14
1875;6°;Avanzado;34
1875;6°;Básico;15
1875;6°;Crítico;1
1875;6°;Medio;13
1875;7°;Avanzado;49
1875;7°;Básico;2
1875;7°;Crítico;4
1875;7°;Medio;4
1877;2°;Avanzado;2
1877;2°;Básico;5
1877;2°;Crítico;15
1877;2°;Medio;5
1877;3°;Avanzado;11
1877;3°;Básico;4
1877;3°;Crítico;6
1877;3°;Medio;9
1877;4°;Avanzado;5
1877;4°;Básico;9
1877;4°;Crítico;3
1877;4°;Medio;10
1877;5°;Avanzado;4
1877;5°;Básico;6
1877;5°;Crítico;5
1877;5°;Medio;10
1877;6°;Avanzado;7
1877;6°;Básico;5
1877;6°;Crítico;3
1877;6°;Medio;13
1877;7°;Avanzado;2
1877;7°;Básico;7
1877;7°;Crítico;2
1877;7°;Medio;10
1878;2°;Avanzado;8
1878;2°;Básico;33
1878;2°;Crítico;10
1878;2°;Medio;11
1878;3°;Avanzado;27
1878;3°;Básico;14
1878;3°;Crítico;4
1878;3°;Medio;17
1878;4°;Avanzado;22
1878;4°;Básico;12
1878;4°;Crítico;2
1878;4°;Medio;23
1878;5°;Avanzado;12
1878;5°;Básico;16
1878;5°;Crítico;8
1878;5°;Medio;26
1878;6°;Avanzado;20
1878;6°;Básico;6
1878;6°;Crítico;2
1878;6°;Medio;36
1878;7°;Avanzado;12
1878;7°;Básico;12
1878;7°;Crítico;3
1878;7°;Medio;38
1882;2°;Avanzado;11
1882;2°;Básico;22
1882;2°;Crítico;12
1882;2°;Medio;12
1882;3°;Avanzado;15
1882;3°;Básico;14
1882;3°;Crítico;4
1882;3°;Medio;19
1882;4°;Avanzado;21
1882;4°;Básico;12
1882;4°;Crítico;3
1882;4°;Medio;15
1882;5°;Avanzado;15
1882;5°;Básico;9
1882;5°;Crítico;7
1882;5°;Medio;19
1882;6°;Avanzado;22
1882;6°;Básico;1
1882;6°;Medio;24
1882;7°;Avanzado;45
1882;7°;Básico;3
1882;7°;Medio;6
1883;2°;Avanzado;2
1883;2°;Básico;9
1883;2°;Crítico;17
1883;2°;Medio;5
1883;3°;Avanzado;8
1883;3°;Básico;8
1883;3°;Crítico;4
1883;3°;Medio;12
1883;4°;Avanzado;9
1883;4°;Básico;3
1883;4°;Crítico;2
1883;4°;Medio;7
1883;5°;Avanzado;13
1883;5°;Básico;6
1883;5°;Crítico;5
1883;5°;Medio;16
1883;6°;Avanzado;9
1883;6°;Básico;7
1883;6°;Crítico;3
1883;6°;Medio;13
1883;7°;Avanzado;10
1883;7°;Básico;9
1883;7°;Crítico;1
1883;7°;Medio;16
1884;2°;Avanzado;19
1884;2°;Básico;38
1884;2°;Crítico;25
1884;2°;Medio;26
1884;3°;Avanzado;39
1884;3°;Básico;34
1884;3°;Crítico;4
1884;3°;Medio;35
1884;4°;Avanzado;70
1884;4°;Básico;17
1884;4°;Crítico;6
1884;4°;Medio;51
1884;5°;Avanzado;43
1884;5°;Básico;24
1884;5°;Crítico;8
1884;5°;Medio;45
1884;6°;Avanzado;83
1884;6°;Básico;4
1884;6°;Crítico;6
1884;6°;Medio;27
1884;7°;Avanzado;45
1884;7°;Básico;16
1884;7°;Crítico;5
1884;7°;Medio;59
1885;2°;Avanzado;6
1885;2°;Básico;17
1885;2°;Crítico;6
1885;2°;Medio;2
1885;3°;Avanzado;9
1885;3°;Básico;12
1885;3°;Crítico;1
1885;3°;Medio;9
1885;4°;Avanzado;17
1885;4°;Básico;3
1885;4°;Crítico;1
1885;4°;Medio;10
1885;5°;Avanzado;6
1885;5°;Básico;4
1885;5°;Crítico;3
1885;5°;Medio;18
1885;6°;Avanzado;17
1885;6°;Básico;3
1885;6°;Medio;11
1885;7°;Avanzado;7
1885;7°;Básico;8
1885;7°;Crítico;3
1885;7°;Medio;13
1887;2°;Avanzado;1
1887;2°;Básico;3
1887;2°;Crítico;19
1887;2°;Medio;1
1887;3°;Avanzado;6
1887;3°;Básico;8
1887;3°;Crítico;5
1887;4°;Básico;6
1887;4°;Crítico;10
1887;4°;Medio;6
1887;5°;Avanzado;3
1887;5°;Básico;12
1887;5°;Crítico;14
1887;5°;Medio;4
1887;6°;Avanzado;4
1887;6°;Básico;6
1887;6°;Crítico;1
1887;6°;Medio;13
1887;7°;Avanzado;2
1887;7°;Básico;10
1887;7°;Crítico;8
1887;7°;Medio;6
1905;2°;Básico;4
1905;2°;Medio;2
1905;3°;Básico;4
1905;3°;Crítico;4
1905;4°;Básico;2
1905;4°;Crítico;6
1905;4°;Medio;2
1905;5°;Básico;6
1905;5°;Crítico;2
1905;5°;Medio;6
1905;6°;Básico;6
1905;6°;Crítico;1
1905;7°;Crítico;4
1905;7°;Medio;2
1908;2°;Básico;9
1908;2°;Crítico;46
1908;2°;Medio;4
1908;3°;Avanzado;6
1908;3°;Básico;16
1908;3°;Crítico;23
1908;3°;Medio;15
1908;4°;Avanzado;7
1908;4°;Básico;24
1908;4°;Crítico;8
1908;4°;Medio;17
1908;5°;Avanzado;7
1908;5°;Básico;17
1908;5°;Crítico;17
1908;5°;Medio;14
1908;6°;Avanzado;15
1908;6°;Básico;9
1908;6°;Crítico;8
1908;6°;Medio;11
1908;7°;Avanzado;8
1908;7°;Básico;17
1908;7°;Crítico;12
1908;7°;Medio;24
1909;2°;Avanzado;10
1909;2°;Básico;15
1909;2°;Crítico;9
1909;2°;Medio;14
1909;3°;Avanzado;25
1909;3°;Básico;6
1909;3°;Crítico;2
1909;3°;Medio;11
1909;4°;Avanzado;20
1909;4°;Básico;10
1909;4°;Crítico;3
1909;4°;Medio;16
1909;5°;Avanzado;8
1909;5°;Básico;12
1909;5°;Crítico;3
1909;5°;Medio;21
1909;6°;Avanzado;41
1909;6°;Básico;1
1909;6°;Crítico;2
1909;6°;Medio;6
1909;7°;Avanzado;12
1909;7°;Básico;4
1909;7°;Crítico;4
1909;7°;Medio;22
1910;2°;Avanzado;10
1910;2°;Básico;27
1910;2°;Crítico;18
1910;2°;Medio;19
1910;3°;Avanzado;29
1910;3°;Básico;14
1910;3°;Crítico;2
1910;3°;Medio;29
1910;4°;Avanzado;34
1910;4°;Básico;6
1910;4°;Crítico;1
1910;4°;Medio;18
1910;5°;Avanzado;22
1910;5°;Básico;10
1910;5°;Crítico;6
1910;5°;Medio;16
1910;6°;Avanzado;28
1910;6°;Básico;1
1910;6°;Crítico;1
1910;6°;Medio;11
1910;7°;Avanzado;19
1910;7°;Básico;3
1910;7°;Crítico;4
1910;7°;Medio;8
1913;2°;Avanzado;2
1913;2°;Básico;2
1913;2°;Crítico;1
1913;2°;Medio;6
1913;3°;Avanzado;9
1913;3°;Básico;6
1913;3°;Crítico;2
1913;3°;Medio;6
1913;4°;Avanzado;10
1913;4°;Básico;5
1913;4°;Medio;10
1913;5°;Avanzado;9
1913;5°;Básico;4
1913;5°;Crítico;5
1913;5°;Medio;11
1913;6°;Avanzado;14
1913;6°;Básico;1
1913;6°;Crítico;2
1913;6°;Medio;3
1913;7°;Avanzado;5
1913;7°;Básico;3
1913;7°;Crítico;1
1913;7°;Medio;22
1914;2°;Avanzado;1
1914;2°;Básico;9
1914;2°;Crítico;20
1914;2°;Medio;1
1914;3°;Básico;13
1914;3°;Crítico;10
1914;3°;Medio;5
1914;4°;Avanzado;1
1914;4°;Básico;13
1914;4°;Crítico;2
1914;4°;Medio;7
1914;5°;Avanzado;3
1914;5°;Básico;8
1914;5°;Crítico;17
1914;5°;Medio;3
1914;6°;Avanzado;7
1914;6°;Básico;4
1914;6°;Crítico;2
1914;6°;Medio;14
1914;7°;Avanzado;1
1914;7°;Básico;16
1914;7°;Crítico;4
1914;7°;Medio;8
1918;2°;Avanzado;5
1918;2°;Básico;9
1918;2°;Crítico;14
1918;2°;Medio;4
1918;3°;Avanzado;8
1918;3°;Básico;10
1918;3°;Crítico;7
1918;3°;Medio;6
1918;4°;Avanzado;16
1918;4°;Básico;7
1918;4°;Medio;9
1918;5°;Avanzado;14
1918;5°;Básico;6
1918;5°;Medio;10
1918;6°;Avanzado;15
1918;6°;Básico;5
1918;6°;Medio;7
1918;7°;Avanzado;12
1918;7°;Básico;4
1918;7°;Medio;14
1926;2°;Avanzado;9
1926;2°;Básico;18
1926;2°;Crítico;21
1926;2°;Medio;10
1926;3°;Avanzado;23
1926;3°;Básico;15
1926;3°;Crítico;5
1926;3°;Medio;20
1926;4°;Avanzado;24
1926;4°;Básico;15
1926;4°;Crítico;3
1926;4°;Medio;18
1926;5°;Avanzado;14
1926;5°;Básico;16
1926;5°;Crítico;4
1926;5°;Medio;27
1926;6°;Avanzado;19
1926;6°;Básico;13
1926;6°;Crítico;6
1926;6°;Medio;15
1926;7°;Avanzado;10
1926;7°;Básico;15
1926;7°;Crítico;6
1926;7°;Medio;36
1935;2°;Avanzado;7
1935;2°;Básico;6
1935;2°;Medio;9
1935;3°;Avanzado;16
1935;3°;Básico;2
1935;3°;Medio;8
1935;4°;Avanzado;6
1935;4°;Básico;2
1935;4°;Medio;3
1935;5°;Avanzado;7
1935;5°;Básico;3
1935;5°;Medio;9
1935;6°;Avanzado;9
1935;6°;Medio;6
1935;7°;Avanzado;6
1935;7°;Medio;7
1936;2°;Avanzado;4
1936;2°;Básico;10
1936;2°;Crítico;5
1936;2°;Medio;4
1936;3°;Avanzado;12
1936;3°;Básico;6
1936;3°;Crítico;1
1936;3°;Medio;10
1936;4°;Avanzado;10
1936;4°;Básico;5
1936;4°;Crítico;1
1936;4°;Medio;8
1936;5°;Avanzado;7
1936;5°;Básico;8
1936;5°;Crítico;3
1936;5°;Medio;10
1936;6°;Avanzado;10
1936;6°;Básico;3
1936;6°;Crítico;1
1936;6°;Medio;11
1936;7°;Avanzado;1
1936;7°;Básico;9
1936;7°;Crítico;3
1936;7°;Medio;14
1947;1°;Avanzado;35
1947;1°;Básico;8
1947;1°;Crítico;2
1947;1°;Medio;63
1947;2°;Avanzado;50
1947;2°;Básico;11
1947;2°;Medio;35
1947;3°;Avanzado;38
1947;3°;Básico;15
1947;3°;Crítico;8
1947;3°;Medio;39
1947;4°;Avanzado;44
1947;4°;Básico;7
1947;4°;Crítico;17
1947;4°;Medio;32
1947;5°;Avanzado;40
1947;5°;Básico;13
1947;5°;Crítico;5
1947;5°;Medio;33
1948;1°;Crítico;2
1948;3°;Crítico;3
1948;4°;Crítico;5
1948;5°;Crítico;1
1949;1°;Avanzado;10
1949;1°;Básico;12
1949;1°;Crítico;3
1949;1°;Medio;43
1949;2°;Avanzado;8
1949;2°;Básico;15
1949;2°;Crítico;18
1949;2°;Medio;28
1949;3°;Avanzado;4
1949;3°;Básico;5
1949;3°;Crítico;44
1949;3°;Medio;19
1951;1°;Avanzado;13
1951;1°;Básico;19
1951;1°;Crítico;3
1951;1°;Medio;60
1951;2°;Avanzado;9
1951;2°;Básico;34
1951;2°;Crítico;12
1951;2°;Medio;36
1951;3°;Avanzado;11
1951;3°;Básico;28
1951;3°;Crítico;17
1951;3°;Medio;38
1951;4°;Avanzado;7
1951;4°;Básico;26
1951;4°;Crítico;11
1951;4°;Medio;42
1951;5°;Avanzado;3
1951;5°;Básico;38
1951;5°;Crítico;13
1951;5°;Medio;26
1952;1°;Avanzado;8
1952;1°;Básico;3
1952;1°;Crítico;4
1952;1°;Medio;18
1952;2°;Básico;1
1952;2°;Crítico;1
1952;3°;Crítico;2
1952;4°;Crítico;3
1952;5°;Avanzado;3
1952;5°;Básico;7
1952;5°;Crítico;3
1952;5°;Medio;15
1953;1°;Básico;12
1953;1°;Medio;20
1953;2°;Avanzado;4
1953;2°;Básico;3
1953;2°;Crítico;9
1953;2°;Medio;13
1953;3°;Avanzado;8
1953;3°;Básico;3
1953;3°;Crítico;4
1953;3°;Medio;20
1953;4°;Avanzado;2
1953;4°;Básico;8
1953;4°;Crítico;1
1953;4°;Medio;21
1953;5°;Avanzado;1
1953;5°;Básico;8
1953;5°;Crítico;6
1953;5°;Medio;12
1954;1°;Avanzado;9
1954;1°;Básico;13
1954;1°;Crítico;4
1954;1°;Medio;58
1954;2°;Avanzado;16
1954;2°;Básico;15
1954;2°;Crítico;10
1954;2°;Medio;36
1954;3°;Avanzado;25
1954;3°;Básico;5
1954;3°;Crítico;9
1954;3°;Medio;29
1954;4°;Avanzado;9
1954;4°;Básico;8
1954;4°;Crítico;5
1954;4°;Medio;36
1954;5°;Avanzado;14
1954;5°;Básico;19
1954;5°;Crítico;5
1954;5°;Medio;25
1955;1°;Avanzado;15
1955;1°;Básico;4
1955;1°;Crítico;5
1955;1°;Medio;51
1955;2°;Avanzado;15
1955;2°;Básico;16
1955;2°;Crítico;3
1955;2°;Medio;21
1955;3°;Avanzado;11
1955;3°;Básico;8
1955;3°;Crítico;5
1955;3°;Medio;27
1955;4°;Avanzado;19
1955;4°;Básico;14
1955;4°;Crítico;2
1955;4°;Medio;34
1955;5°;Avanzado;4
1955;5°;Básico;19
1955;5°;Crítico;8
1955;5°;Medio;20
1956;1°;Avanzado;21
1956;1°;Básico;7
1956;1°;Crítico;4
1956;1°;Medio;64
1956;2°;Avanzado;51
1956;2°;Básico;13
1956;2°;Crítico;2
1956;2°;Medio;30
1956;3°;Avanzado;41
1956;3°;Básico;8
1956;3°;Crítico;8
1956;3°;Medio;37
1956;4°;Avanzado;21
1956;4°;Básico;16
1956;4°;Crítico;10
1956;4°;Medio;47
1956;5°;Avanzado;18
1956;5°;Básico;23
1956;5°;Crítico;17
1956;5°;Medio;34
1957;1°;Avanzado;10
1957;1°;Básico;7
1957;1°;Crítico;9
1957;1°;Medio;67
1957;2°;Avanzado;18
1957;2°;Básico;20
1957;2°;Crítico;5
1957;2°;Medio;49
1957;3°;Avanzado;13
1957;3°;Básico;18
1957;3°;Crítico;16
1957;3°;Medio;35
1957;4°;Avanzado;15
1957;4°;Básico;16
1957;4°;Crítico;4
1957;4°;Medio;47
1957;5°;Avanzado;6
1957;5°;Básico;22
1957;5°;Crítico;9
1957;5°;Medio;29
1958;1°;Avanzado;9
1958;1°;Básico;7
1958;1°;Crítico;7
1958;1°;Medio;41
1958;2°;Avanzado;9
1958;2°;Básico;22
1958;2°;Crítico;10
1958;2°;Medio;31
1958;3°;Avanzado;12
1958;3°;Básico;17
1958;3°;Crítico;5
1958;3°;Medio;27
1958;4°;Avanzado;10
1958;4°;Básico;13
1958;4°;Crítico;2
1958;4°;Medio;30
1958;5°;Avanzado;10
1958;5°;Básico;17
1958;5°;Crítico;9
1958;5°;Medio;22
1959;1°;Avanzado;20
1959;1°;Básico;3
1959;1°;Crítico;2
1959;1°;Medio;47
1959;2°;Avanzado;12
1959;2°;Básico;7
1959;2°;Crítico;3
1959;2°;Medio;41
1959;3°;Avanzado;5
1959;3°;Básico;14
1959;3°;Crítico;10
1959;3°;Medio;26
1959;4°;Avanzado;13
1959;4°;Básico;18
1959;4°;Crítico;8
1959;4°;Medio;23
1959;5°;Avanzado;14
1959;5°;Básico;15
1959;5°;Crítico;13
1959;5°;Medio;22
1960;1°;Crítico;2
1960;2°;Crítico;1
1960;3°;Avanzado;6
1960;3°;Básico;1
1960;3°;Crítico;2
1960;3°;Medio;7
1960;4°;Crítico;3
1960;4°;Medio;1
1960;5°;Avanzado;1
1960;5°;Básico;3
1960;5°;Crítico;4
1960;5°;Medio;7
1961;1°;Básico;6
1961;1°;Crítico;3
1961;1°;Medio;1
1961;2°;Básico;3
1961;2°;Crítico;3
1961;2°;Medio;2
1961;3°;Básico;2
1961;3°;Crítico;4
1961;4°;Básico;2
1961;4°;Crítico;7
1961;5°;Básico;1
1961;5°;Crítico;6
1962;1°;Avanzado;6
1962;1°;Básico;7
1962;1°;Crítico;1
1962;1°;Medio;22
1962;2°;Avanzado;6
1962;2°;Básico;7
1962;2°;Crítico;2
1962;2°;Medio;10
1962;3°;Avanzado;11
1962;3°;Básico;6
1962;3°;Crítico;5
1962;3°;Medio;20
1962;4°;Avanzado;3
1962;4°;Básico;4
1962;4°;Crítico;4
1962;4°;Medio;9
1962;5°;Avanzado;2
1962;5°;Básico;6
1962;5°;Crítico;2
1962;5°;Medio;13
1964;1°;Avanzado;7
1964;1°;Básico;16
1964;1°;Crítico;5
1964;1°;Medio;34
1964;2°;Avanzado;15
1964;2°;Básico;15
1964;2°;Crítico;5
1964;2°;Medio;25
1964;3°;Básico;26
1964;3°;Crítico;19
1964;3°;Medio;10
1964;4°;Avanzado;9
1964;4°;Básico;21
1964;4°;Crítico;8
1964;4°;Medio;14
1964;5°;Avanzado;4
1964;5°;Básico;15
1964;5°;Crítico;7
1964;5°;Medio;24
1970;1°;Avanzado;2
1970;1°;Básico;8
1970;1°;Crítico;7
1970;1°;Medio;44
1970;2°;Avanzado;3
1970;2°;Básico;20
1970;2°;Crítico;14
1970;2°;Medio;20
1970;3°;Avanzado;3
1970;3°;Básico;14
1970;3°;Crítico;18
1970;3°;Medio;20
1970;4°;Avanzado;8
1970;4°;Básico;16
1970;4°;Crítico;12
1970;4°;Medio;8
1970;5°;Avanzado;5
1970;5°;Básico;13
1970;5°;Crítico;11
1970;5°;Medio;12
1975;1°;Avanzado;30
1975;1°;Medio;1
1975;2°;Avanzado;4
1975;2°;Básico;1
1975;2°;Crítico;1
1975;2°;Medio;27
1975;3°;Avanzado;1
1975;3°;Básico;2
1975;3°;Crítico;1
1975;3°;Medio;12
1975;5°;Avanzado;1
1975;5°;Básico;1
1975;5°;Crítico;4
1975;5°;Medio;17
1979;1°;Avanzado;23
1979;1°;Básico;19
1979;1°;Crítico;7
1979;1°;Medio;69
1979;2°;Avanzado;31
1979;2°;Básico;42
1979;2°;Crítico;3
1979;2°;Medio;65
1979;3°;Avanzado;25
1979;3°;Básico;26
1979;3°;Crítico;8
1979;3°;Medio;69
1979;4°;Avanzado;22
1979;4°;Básico;32
1979;4°;Crítico;9
1979;4°;Medio;57
1979;5°;Avanzado;6
1979;5°;Básico;45
1979;5°;Crítico;9
1979;5°;Medio;68
1980;1°;Avanzado;26
1980;1°;Básico;2
1980;1°;Crítico;1
1980;1°;Medio;61
1980;2°;Avanzado;62
1980;2°;Básico;1
1980;2°;Crítico;1
1980;2°;Medio;18
1980;3°;Avanzado;55
1980;3°;Básico;2
1980;3°;Crítico;5
1980;3°;Medio;24
1980;4°;Avanzado;36
1980;4°;Básico;14
1980;4°;Crítico;5
1980;4°;Medio;40
1980;5°;Avanzado;33
1980;5°;Básico;17
1980;5°;Crítico;2
1980;5°;Medio;41
1985;1°;Avanzado;22
1985;1°;Básico;2
1985;1°;Crítico;4
1985;1°;Medio;32
1985;2°;Avanzado;37
1985;2°;Básico;3
1985;2°;Crítico;3
1985;2°;Medio;16
1985;3°;Avanzado;38
1985;3°;Básico;2
1985;3°;Crítico;1
1985;3°;Medio;15
1985;4°;Avanzado;30
1985;4°;Básico;1
1985;4°;Crítico;5
1985;4°;Medio;15
1985;5°;Avanzado;34
1985;5°;Básico;2
1985;5°;Crítico;7
1985;5°;Medio;16
1987;1°;Avanzado;8
1987;1°;Básico;11
1987;1°;Crítico;2
1987;1°;Medio;41
1987;2°;Avanzado;8
1987;2°;Básico;19
1987;2°;Crítico;11
1987;2°;Medio;19
1987;3°;Avanzado;11
1987;3°;Básico;11
1987;3°;Crítico;6
1987;3°;Medio;23
1987;4°;Avanzado;16
1987;4°;Básico;15
1987;4°;Crítico;3
1987;4°;Medio;21
1987;5°;Avanzado;5
1987;5°;Básico;17
1987;5°;Crítico;6
1987;5°;Medio;25
1989;1°;Avanzado;1
1989;1°;Básico;12
1989;1°;Crítico;5
1989;1°;Medio;16
1989;2°;Avanzado;3
1989;2°;Básico;8
1989;2°;Crítico;8
1989;2°;Medio;11
1989;3°;Avanzado;1
1989;3°;Básico;10
1989;3°;Crítico;9
1989;3°;Medio;9
1989;4°;Avanzado;2
1989;4°;Básico;8
1989;4°;Crítico;11
1989;4°;Medio;12
1989;5°;Básico;12
1989;5°;Crítico;8
1989;5°;Medio;6
1993;2°;Crítico;4
1993;3°;Avanzado;10
1993;3°;Básico;2
1993;3°;Crítico;5
1993;3°;Medio;15
1993;4°;Crítico;2
1993;5°;Básico;1
1993;5°;Crítico;3
1993;5°;Medio;15
1995;1°;Avanzado;4
1995;1°;Básico;4
1995;1°;Medio;19
1995;2°;Avanzado;5
1995;2°;Básico;7
1995;2°;Crítico;1
1995;2°;Medio;14
1995;3°;Avanzado;8
1995;3°;Básico;5
1995;3°;Crítico;2
1995;3°;Medio;16
1995;4°;Avanzado;3
1995;4°;Básico;8
1995;4°;Crítico;1
1995;4°;Medio;10
1995;5°;Avanzado;5
1995;5°;Básico;8
1995;5°;Crítico;1
1995;5°;Medio;13
1998;1°;Avanzado;8
1998;1°;Básico;16
1998;1°;Crítico;2
1998;1°;Medio;41
1998;2°;Avanzado;8
1998;2°;Básico;16
1998;2°;Crítico;10
1998;2°;Medio;31
1998;3°;Avanzado;6
1998;3°;Básico;18
1998;3°;Crítico;20
1998;3°;Medio;24
1998;4°;Avanzado;4
1998;4°;Básico;14
1998;4°;Crítico;9
1998;4°;Medio;22
1998;5°;Avanzado;2
1998;5°;Básico;20
1998;5°;Crítico;13
1998;5°;Medio;13
1999;1°;Avanzado;3
1999;1°;Básico;13
1999;1°;Crítico;4
1999;1°;Medio;30
1999;2°;Avanzado;5
1999;2°;Básico;13
1999;2°;Crítico;12
1999;2°;Medio;17
1999;3°;Avanzado;3
1999;3°;Básico;6
1999;3°;Crítico;27
1999;3°;Medio;16
1999;4°;Básico;16
1999;4°;Crítico;23
1999;4°;Medio;9
1999;5°;Básico;12
1999;5°;Crítico;22
1999;5°;Medio;11
2001;1°;Avanzado;10
2001;1°;Básico;7
2001;1°;Medio;30
2001;2°;Avanzado;4
2001;2°;Básico;17
2001;2°;Crítico;7
2001;2°;Medio;22
2001;3°;Avanzado;6
2001;3°;Básico;10
2001;3°;Crítico;6
2001;3°;Medio;27
2001;4°;Avanzado;5
2001;4°;Básico;10
2001;4°;Crítico;3
2001;4°;Medio;20
2001;5°;Avanzado;8
2001;5°;Básico;7
2001;5°;Crítico;7
2001;5°;Medio;19
2007;1°;Avanzado;33
2007;1°;Básico;3
2007;1°;Crítico;1
2007;1°;Medio;20
2007;2°;Avanzado;9
2007;2°;Básico;8
2007;2°;Crítico;8
2007;2°;Medio;30
2007;3°;Avanzado;8
2007;3°;Básico;9
2007;3°;Crítico;7
2007;3°;Medio;28
2007;4°;Avanzado;9
2007;4°;Básico;8
2007;4°;Crítico;3
2007;4°;Medio;39
2007;5°;Avanzado;8
2007;5°;Básico;13
2007;5°;Crítico;17
2007;5°;Medio;16
2015;1°;Avanzado;17
2015;1°;Básico;10
2015;1°;Crítico;5
2015;1°;Medio;28
2015;2°;Avanzado;15
2015;2°;Básico;17
2015;2°;Crítico;10
2015;2°;Medio;19
2015;3°;Avanzado;14
2015;3°;Básico;13
2015;3°;Crítico;34
2015;3°;Medio;21
2015;4°;Avanzado;16
2015;4°;Básico;8
2015;4°;Crítico;23
2015;4°;Medio;27
2015;5°;Avanzado;5
2015;5°;Básico;33
2015;5°;Crítico;33
2015;5°;Medio;20
2017;1°;Avanzado;9
2017;1°;Básico;7
2017;1°;Crítico;7
2017;1°;Medio;39
2017;2°;Avanzado;11
2017;2°;Básico;26
2017;2°;Crítico;8
2017;2°;Medio;18
2017;3°;Avanzado;15
2017;3°;Básico;20
2017;3°;Crítico;6
2017;3°;Medio;23
2017;4°;Avanzado;10
2017;4°;Básico;24
2017;4°;Crítico;6
2017;4°;Medio;20
2017;5°;Avanzado;10
2017;5°;Básico;19
2017;5°;Crítico;12
2017;5°;Medio;14
2021;1°;Avanzado;11
2021;1°;Básico;9
2021;1°;Crítico;3
2021;1°;Medio;44
2021;2°;Avanzado;14
2021;2°;Básico;17
2021;2°;Crítico;2
2021;2°;Medio;26
2021;3°;Avanzado;5
2021;3°;Básico;14
2021;3°;Crítico;7
2021;3°;Medio;25
2021;4°;Avanzado;9
2021;4°;Básico;12
2021;4°;Crítico;5
2021;4°;Medio;22
2021;5°;Avanzado;5
2021;5°;Básico;17
2021;5°;Crítico;4
2021;5°;Medio;22
2027;1°;Avanzado;46
2027;1°;Básico;6
2027;1°;Crítico;10
2027;1°;Medio;88
2027;2°;Avanzado;49
2027;2°;Básico;30
2027;2°;Crítico;10
2027;2°;Medio;75
2027;3°;Avanzado;40
2027;3°;Básico;28
2027;3°;Crítico;19
2027;3°;Medio;61
2027;4°;Avanzado;32
2027;4°;Básico;28
2027;4°;Crítico;21
2027;4°;Medio;58
2027;5°;Avanzado;7
2027;5°;Básico;23
2027;5°;Crítico;6
2027;5°;Medio;35
2039;1°;Avanzado;6
2039;1°;Básico;1
2039;1°;Crítico;3
2039;1°;Medio;8
2039;2°;Avanzado;3
2039;2°;Básico;4
2039;2°;Crítico;2
2039;2°;Medio;7
2039;3°;Avanzado;4
2039;3°;Básico;1
2039;3°;Crítico;2
2039;3°;Medio;9
2039;4°;Avanzado;5
2039;4°;Básico;4
2039;4°;Crítico;1
2039;4°;Medio;9
2039;5°;Avanzado;4
2039;5°;Básico;4
2039;5°;Crítico;2
2039;5°;Medio;12
2041;1°;Básico;13
2041;1°;Medio;25
2041;2°;Avanzado;7
2041;2°;Básico;16
2041;2°;Crítico;5
2041;2°;Medio;12
2041;3°;Avanzado;3
2041;3°;Básico;3
2041;3°;Crítico;8
2041;3°;Medio;17
2041;4°;Avanzado;4
2041;4°;Básico;10
2041;4°;Crítico;3
2041;4°;Medio;15
2041;5°;Avanzado;2
2041;5°;Básico;17
2041;5°;Crítico;3
2041;5°;Medio;6
2047;1°;Básico;17
2047;1°;Crítico;25
2047;1°;Medio;10
2047;2°;Básico;13
2047;2°;Crítico;23
2047;2°;Medio;6
2047;3°;Avanzado;1
2047;3°;Básico;5
2047;3°;Crítico;25
2047;3°;Medio;4
2047;4°;Básico;16
2047;4°;Crítico;20
2047;4°;Medio;1
2047;5°;Crítico;22
2058;1°;Avanzado;5
2058;1°;Básico;5
2058;1°;Crítico;3
2058;1°;Medio;16
2058;2°;Avanzado;13
2058;2°;Básico;4
2058;2°;Medio;15
2058;3°;Avanzado;4
2058;3°;Básico;11
2058;3°;Crítico;7
2058;3°;Medio;16
2058;5°;Avanzado;6
2058;5°;Básico;11
2058;5°;Crítico;5
2058;5°;Medio;10
2353;2°;Básico;7
2353;2°;Crítico;44
2353;2°;Medio;2
2353;3°;Avanzado;7
2353;3°;Básico;29
2353;3°;Crítico;14
2353;3°;Medio;17
2353;4°;Avanzado;14
2353;4°;Básico;6
2353;4°;Crítico;5
2353;4°;Medio;26
2353;5°;Avanzado;18
2353;5°;Básico;13
2353;5°;Crítico;11
2353;5°;Medio;16
2353;6°;Avanzado;4
2353;6°;Básico;21
2353;6°;Crítico;11
2353;6°;Medio;23
2353;7°;Avanzado;5
2353;7°;Básico;7
2353;7°;Crítico;8
2353;7°;Medio;38
2355;2°;Básico;18
2355;2°;Crítico;66
2355;2°;Medio;1
2355;3°;Avanzado;5
2355;3°;Básico;19
2355;3°;Crítico;48
2355;3°;Medio;10
2355;4°;Avanzado;9
2355;4°;Básico;22
2355;4°;Crítico;29
2355;4°;Medio;19
2355;5°;Avanzado;5
2355;5°;Básico;18
2355;5°;Crítico;28
2355;5°;Medio;17
2355;6°;Avanzado;18
2355;6°;Básico;22
2355;6°;Crítico;14
2355;6°;Medio;33
2355;7°;Avanzado;9
2355;7°;Básico;19
2355;7°;Crítico;23
2355;7°;Medio;30
2358;2°;Avanzado;7
2358;2°;Básico;19
2358;2°;Crítico;25
2358;2°;Medio;18
2358;3°;Avanzado;18
2358;3°;Básico;12
2358;3°;Crítico;14
2358;3°;Medio;18
2358;4°;Avanzado;12
2358;4°;Básico;8
2358;4°;Crítico;5
2358;4°;Medio;30
2358;5°;Avanzado;14
2358;5°;Básico;19
2358;5°;Crítico;13
2358;5°;Medio;26
2358;6°;Avanzado;37
2358;6°;Básico;7
2358;6°;Crítico;1
2358;6°;Medio;24
2358;7°;Avanzado;14
2358;7°;Básico;9
2358;7°;Crítico;13
2358;7°;Medio;42
2361;2°;Avanzado;28
2361;2°;Básico;27
2361;2°;Crítico;30
2361;2°;Medio;20
2361;3°;Avanzado;27
2361;3°;Básico;33
2361;3°;Crítico;13
2361;3°;Medio;26
2361;4°;Avanzado;38
2361;4°;Básico;17
2361;4°;Crítico;11
2361;4°;Medio;40
2361;5°;Avanzado;14
2361;5°;Básico;19
2361;5°;Crítico;21
2361;5°;Medio;45
2361;6°;Avanzado;31
2361;6°;Básico;18
2361;6°;Crítico;6
2361;6°;Medio;43
2361;7°;Avanzado;22
2361;7°;Básico;17
2361;7°;Crítico;8
2361;7°;Medio;38
2389;2°;Avanzado;10
2389;2°;Básico;31
2389;2°;Crítico;30
2389;2°;Medio;10
2389;3°;Avanzado;26
2389;3°;Básico;21
2389;3°;Crítico;12
2389;3°;Medio;28
2389;4°;Avanzado;30
2389;4°;Básico;17
2389;4°;Crítico;6
2389;4°;Medio;34
2389;5°;Avanzado;24
2389;5°;Básico;19
2389;5°;Crítico;14
2389;5°;Medio;24
2389;6°;Avanzado;25
2389;6°;Básico;9
2389;6°;Crítico;2
2389;6°;Medio;27
2389;7°;Avanzado;25
2389;7°;Básico;18
2389;7°;Medio;40
2565;2°;Avanzado;6
2565;2°;Básico;19
2565;2°;Crítico;57
2565;2°;Medio;5
2565;3°;Avanzado;23
2565;3°;Básico;19
2565;3°;Crítico;9
2565;3°;Medio;37
2565;4°;Avanzado;24
2565;4°;Básico;18
2565;4°;Crítico;15
2565;4°;Medio;27
2565;5°;Avanzado;6
2565;5°;Básico;32
2565;5°;Crítico;9
2565;5°;Medio;45
2565;6°;Avanzado;47
2565;6°;Básico;11
2565;6°;Crítico;10
2565;6°;Medio;27
2565;7°;Avanzado;23
2565;7°;Básico;27
2565;7°;Crítico;9
2565;7°;Medio;36
2572;2°;Básico;11
2572;2°;Crítico;39
2572;2°;Medio;4
2572;3°;Avanzado;8
2572;3°;Básico;25
2572;3°;Crítico;11
2572;3°;Medio;13
2572;4°;Avanzado;23
2572;4°;Básico;14
2572;4°;Crítico;8
2572;4°;Medio;14
2572;5°;Avanzado;10
2572;5°;Básico;13
2572;5°;Crítico;10
2572;5°;Medio;21
2572;6°;Avanzado;11
2572;6°;Básico;8
2572;6°;Crítico;6
2572;6°;Medio;28
2572;7°;Avanzado;12
2572;7°;Básico;6
2572;7°;Crítico;6
2572;7°;Medio;30
2586;2°;Avanzado;8
2586;2°;Básico;12
2586;2°;Crítico;2
2586;2°;Medio;3
2586;3°;Avanzado;8
2586;3°;Básico;7
2586;3°;Crítico;2
2586;3°;Medio;8
2586;4°;Avanzado;12
2586;4°;Crítico;2
2586;4°;Medio;12
2586;5°;Avanzado;11
2586;5°;Básico;7
2586;5°;Crítico;2
2586;5°;Medio;8
2586;6°;Avanzado;9
2586;6°;Básico;1
2586;6°;Crítico;1
2586;6°;Medio;14
2586;7°;Avanzado;7
2586;7°;Básico;4
2586;7°;Crítico;1
2586;7°;Medio;15
2587;2°;Avanzado;7
2587;2°;Básico;36
2587;2°;Crítico;10
2587;2°;Medio;23
2587;3°;Avanzado;18
2587;3°;Básico;14
2587;3°;Crítico;10
2587;3°;Medio;25
2587;4°;Avanzado;32
2587;4°;Básico;9
2587;4°;Crítico;9
2587;4°;Medio;34
2587;5°;Avanzado;23
2587;5°;Básico;12
2587;5°;Crítico;7
2587;5°;Medio;45
2587;6°;Avanzado;24
2587;6°;Básico;4
2587;6°;Medio;32
2587;7°;Avanzado;10
2587;7°;Básico;3
2587;7°;Crítico;28
2587;7°;Medio;21
2590;2°;Avanzado;5
2590;2°;Básico;19
2590;2°;Crítico;11
2590;2°;Medio;10
2590;3°;Avanzado;14
2590;3°;Básico;11
2590;3°;Crítico;6
2590;3°;Medio;11
2590;4°;Avanzado;16
2590;4°;Básico;9
2590;4°;Crítico;3
2590;4°;Medio;12
2590;5°;Avanzado;5
2590;5°;Básico;18
2590;5°;Crítico;10
2590;5°;Medio;15
2590;6°;Avanzado;19
2590;6°;Básico;9
2590;6°;Medio;13
2590;7°;Avanzado;11
2590;7°;Básico;8
2590;7°;Crítico;2
2590;7°;Medio;35
2639;2°;Avanzado;2
2639;2°;Básico;3
2639;2°;Crítico;3
2639;2°;Medio;1
2639;3°;Avanzado;7
2639;3°;Básico;8
2639;3°;Crítico;2
2639;3°;Medio;12
2639;4°;Avanzado;8
2639;4°;Básico;2
2639;4°;Crítico;6
2639;4°;Medio;4
2639;5°;Avanzado;2
2639;5°;Básico;2
2639;5°;Medio;5
2639;6°;Avanzado;6
2639;6°;Básico;1
2639;6°;Crítico;4
2639;6°;Medio;6
2639;7°;Avanzado;4
2639;7°;Básico;1
2639;7°;Crítico;2
2639;7°;Medio;2
2648;2°;Avanzado;3
2648;2°;Básico;11
2648;2°;Crítico;4
2648;2°;Medio;4
2648;5°;Avanzado;9
2648;5°;Básico;2
2648;5°;Crítico;3
2648;5°;Medio;2
2648;6°;Avanzado;1
2648;6°;Crítico;3
2648;6°;Medio;1
2648;7°;Avanzado;1
2648;7°;Básico;1
2648;7°;Crítico;2
2648;7°;Medio;5
2661;2°;Avanzado;4
2661;2°;Básico;9
2661;2°;Crítico;2
2661;2°;Medio;3
2661;3°;Avanzado;9
2661;3°;Básico;5
2661;3°;Crítico;2
2661;3°;Medio;8
2661;4°;Avanzado;13
2661;4°;Básico;2
2661;4°;Crítico;1
2661;4°;Medio;9
2661;5°;Avanzado;5
2661;5°;Básico;2
2661;5°;Medio;4
2661;6°;Avanzado;20
2661;6°;Medio;2
2661;7°;Avanzado;13
2661;7°;Básico;1
2661;7°;Crítico;1
2661;7°;Medio;1
2662;2°;Avanzado;3
2662;2°;Básico;5
2662;2°;Crítico;1
2662;2°;Medio;8
2662;3°;Avanzado;2
2662;3°;Básico;4
2662;3°;Crítico;2
2662;3°;Medio;6
2662;4°;Avanzado;9
2662;4°;Básico;2
2662;4°;Crítico;1
2662;4°;Medio;4
2662;5°;Avanzado;3
2662;5°;Básico;4
2662;5°;Medio;5
2662;6°;Avanzado;3
2662;6°;Básico;1
2662;6°;Medio;3
2662;7°;Avanzado;6
2662;7°;Crítico;1
2662;7°;Medio;10
2667;1°;Avanzado;9
2667;1°;Básico;13
2667;1°;Crítico;8
2667;1°;Medio;46
2667;2°;Avanzado;17
2667;2°;Básico;14
2667;2°;Crítico;15
2667;2°;Medio;28
2667;3°;Avanzado;8
2667;3°;Básico;19
2667;3°;Crítico;24
2667;3°;Medio;22
2667;4°;Avanzado;1
2667;4°;Básico;18
2667;4°;Crítico;10
2667;4°;Medio;33
2667;5°;Avanzado;3
2667;5°;Básico;20
2667;5°;Crítico;13
2667;5°;Medio;22
2669;1°;Avanzado;9
2669;1°;Básico;2
2669;1°;Crítico;1
2669;1°;Medio;15
2669;2°;Avanzado;13
2669;2°;Básico;2
2669;2°;Crítico;4
2669;2°;Medio;7
2669;3°;Avanzado;2
2669;3°;Básico;2
2669;3°;Crítico;3
2669;3°;Medio;6
2669;4°;Avanzado;8
2669;4°;Básico;1
2669;4°;Medio;8
2669;5°;Avanzado;3
2669;5°;Básico;8
2669;5°;Crítico;3
2669;5°;Medio;4
2670;1°;Avanzado;2
2670;1°;Medio;15
2670;2°;Avanzado;11
2670;2°;Crítico;1
2670;2°;Medio;11
2670;3°;Avanzado;8
2670;3°;Crítico;1
2670;4°;Avanzado;10
2670;4°;Básico;1
2670;4°;Medio;9
2670;5°;Avanzado;5
2670;5°;Básico;8
2670;5°;Crítico;1
2670;5°;Medio;15
2675;1°;Avanzado;16
2675;1°;Básico;22
2675;1°;Crítico;5
2675;1°;Medio;90
2675;2°;Avanzado;14
2675;2°;Básico;31
2675;2°;Crítico;25
2675;2°;Medio;54
2675;3°;Avanzado;19
2675;3°;Básico;34
2675;3°;Crítico;21
2675;3°;Medio;37
2675;4°;Avanzado;8
2675;4°;Básico;42
2675;4°;Crítico;13
2675;4°;Medio;47
2675;5°;Avanzado;13
2675;5°;Básico;37
2675;5°;Crítico;15
2675;5°;Medio;43
2676;1°;Avanzado;6
2676;1°;Básico;13
2676;1°;Crítico;5
2676;1°;Medio;39
2676;2°;Avanzado;19
2676;2°;Básico;11
2676;2°;Crítico;6
2676;2°;Medio;28
2676;3°;Avanzado;4
2676;3°;Básico;16
2676;3°;Crítico;8
2676;3°;Medio;20
2676;4°;Avanzado;8
2676;4°;Básico;9
2676;4°;Crítico;7
2676;4°;Medio;22
2676;5°;Avanzado;6
2676;5°;Básico;16
2676;5°;Crítico;4
2676;5°;Medio;19
2677;1°;Avanzado;2
2677;1°;Básico;10
2677;1°;Medio;53
2677;2°;Avanzado;11
2677;2°;Básico;18
2677;2°;Crítico;3
2677;2°;Medio;33
2677;3°;Avanzado;11
2677;3°;Básico;23
2677;3°;Crítico;6
2677;3°;Medio;27
2677;4°;Avanzado;2
2677;4°;Básico;11
2677;4°;Crítico;4
2677;4°;Medio;46
2677;5°;Básico;29
2677;5°;Crítico;8
2677;5°;Medio;22
2680;1°;Avanzado;5
2680;1°;Medio;18
2680;2°;Avanzado;5
2680;2°;Básico;6
2680;2°;Crítico;1
2680;2°;Medio;19
2680;3°;Avanzado;4
2680;3°;Básico;3
2680;3°;Crítico;3
2680;3°;Medio;13
2680;4°;Avanzado;4
2680;4°;Básico;8
2680;4°;Crítico;4
2680;4°;Medio;19
2680;5°;Básico;14
2680;5°;Crítico;5
2680;5°;Medio;8
2681;1°;Avanzado;32
2681;1°;Básico;7
2681;1°;Crítico;4
2681;1°;Medio;15
2681;2°;Avanzado;26
2681;2°;Básico;15
2681;2°;Crítico;5
2681;2°;Medio;10
2681;3°;Avanzado;38
2681;3°;Básico;1
2681;3°;Crítico;1
2681;3°;Medio;22
2681;4°;Avanzado;42
2681;4°;Crítico;2
2681;4°;Medio;15
2681;5°;Avanzado;32
2681;5°;Crítico;5
2682;1°;Avanzado;3
2682;1°;Básico;3
2682;1°;Crítico;5
2682;1°;Medio;10
2682;2°;Avanzado;1
2682;2°;Básico;11
2682;2°;Crítico;10
2682;2°;Medio;3
2682;3°;Avanzado;3
2682;3°;Básico;6
2682;3°;Crítico;6
2682;3°;Medio;7
2682;4°;Avanzado;1
2682;4°;Básico;11
2682;4°;Crítico;6
2682;4°;Medio;8
2682;5°;Avanzado;1
2682;5°;Básico;7
2682;5°;Crítico;2
2682;5°;Medio;2
3187;2°;Avanzado;5
3187;2°;Básico;12
3187;2°;Crítico;29
3187;2°;Medio;8
3187;3°;Avanzado;15
3187;3°;Básico;10
3187;3°;Crítico;11
3187;3°;Medio;16
3187;4°;Avanzado;9
3187;4°;Básico;10
3187;4°;Crítico;6
3187;4°;Medio;12
3187;5°;Avanzado;8
3187;5°;Básico;12
3187;5°;Crítico;7
3187;5°;Medio;13
3187;6°;Avanzado;1
3187;6°;Básico;3
3187;6°;Crítico;2
3187;6°;Medio;8
3187;7°;Avanzado;1
3187;7°;Básico;8
3187;7°;Crítico;3
3187;7°;Medio;10
3191;2°;Básico;7
3191;2°;Crítico;15
3191;2°;Medio;5
3191;3°;Avanzado;4
3191;3°;Básico;9
3191;3°;Crítico;5
3191;3°;Medio;12
3191;4°;Avanzado;5
3191;4°;Básico;7
3191;4°;Crítico;4
3191;4°;Medio;7
3191;5°;Avanzado;7
3191;5°;Básico;9
3191;5°;Crítico;4
3191;5°;Medio;5
3191;6°;Avanzado;4
3191;6°;Básico;3
3191;6°;Crítico;2
3191;6°;Medio;7
3191;7°;Avanzado;3
3191;7°;Básico;5
3191;7°;Crítico;5
3191;7°;Medio;13
3206;2°;Avanzado;3
3206;2°;Básico;20
3206;2°;Crítico;9
3206;2°;Medio;11
3206;3°;Avanzado;19
3206;3°;Básico;14
3206;3°;Crítico;3
3206;3°;Medio;16
3206;4°;Avanzado;24
3206;4°;Básico;2
3206;4°;Crítico;4
3206;4°;Medio;19
3206;5°;Avanzado;8
3206;5°;Básico;15
3206;5°;Crítico;7
3206;5°;Medio;24
3206;6°;Avanzado;22
3206;6°;Básico;1
3206;6°;Crítico;2
3206;6°;Medio;20
3206;7°;Avanzado;22
3206;7°;Básico;5
3206;7°;Crítico;4
3206;7°;Medio;23
3210;1°;Avanzado;1
3210;1°;Básico;10
3210;1°;Crítico;6
3210;1°;Medio;11
3210;2°;Avanzado;2
3210;2°;Básico;11
3210;2°;Crítico;10
3210;2°;Medio;5
3210;3°;Básico;7
3210;3°;Crítico;21
3210;3°;Medio;5
3210;4°;Básico;10
3210;4°;Crítico;10
3210;4°;Medio;1
3210;5°;Avanzado;1
3210;5°;Básico;9
3210;5°;Crítico;10
3210;5°;Medio;6
4394;1°;Avanzado;1
4394;1°;Básico;7
4394;1°;Crítico;4
4394;1°;Medio;13
4394;2°;Básico;13
4394;2°;Crítico;6
4394;2°;Medio;8
4394;3°;Avanzado;2
4394;3°;Básico;5
4394;3°;Crítico;11
4394;3°;Medio;8
4394;4°;Avanzado;4
4394;4°;Básico;6
4394;4°;Crítico;9
4394;4°;Medio;8
4394;5°;Avanzado;5
4394;5°;Básico;8
4394;5°;Crítico;6
4394;5°;Medio;5
4984;2°;Avanzado;4
4984;2°;Básico;2
4984;2°;Medio;3
4984;3°;Avanzado;18
4984;3°;Básico;3
4984;3°;Crítico;2
4984;3°;Medio;5
4984;4°;Avanzado;13
4984;4°;Básico;2
4984;4°;Crítico;1
4984;4°;Medio;7
4984;5°;Avanzado;9
4984;5°;Básico;4
4984;5°;Crítico;3
4984;5°;Medio;10
4984;6°;Avanzado;4
4984;6°;Básico;2
4984;6°;Medio;8
4984;7°;Avanzado;4
4984;7°;Básico;4
4984;7°;Crítico;1
4984;7°;Medio;11
5087;2°;Avanzado;4
5087;2°;Básico;20
5087;2°;Crítico;8
5087;2°;Medio;15
5089;1°;Avanzado;4
5089;1°;Básico;4
5089;1°;Medio;14
5089;2°;Avanzado;2
5089;2°;Básico;7
5089;2°;Crítico;3
5089;2°;Medio;10
5089;3°;Avanzado;3
5089;3°;Básico;2
5089;3°;Crítico;3
5089;3°;Medio;10
5111;1°;Avanzado;2
5111;1°;Básico;8
5111;1°;Crítico;12
5111;1°;Medio;8
5111;2°;Avanzado;1
5111;2°;Básico;9
5111;2°;Crítico;10
5111;2°;Medio;5
5111;3°;Avanzado;1
5111;3°;Básico;2
5111;3°;Crítico;16
5111;3°;Medio;11
5111;4°;Avanzado;6
5111;4°;Básico;3
5111;4°;Crítico;10
5111;4°;Medio;9
5111;5°;Avanzado;4
5111;5°;Básico;3
5111;5°;Crítico;4
5111;5°;Medio;4
